intervention_id,order_id,intervention_type,intervention_at,initiated_by,reason_code
INT-0001,O00527,ETA_MESSAGE,2026-08-22T21:37:00,ops_automation,RESTAURANT_DELAY
INT-0002,O00355,ETA_MESSAGE,2026-08-25T19:54:00,ops_automation,CUSTOMER_CONTACT
INT-0003,O00169,DRIVER_REASSIGNMENT,2026-08-22T15:57:00,dispatch,ETA_MISS
INT-0004,O00136,ETA_MESSAGE,2026-08-19T13:24:00,ops_automation,CUSTOMER_CONTACT
INT-0005,O00938,DRIVER_REASSIGNMENT,2026-08-11T18:25:00,dispatch,RESTAURANT_DELAY
INT-0006,O01545,RESTAURANT_CONTACT,2026-08-25T17:24:00,support,ETA_MISS
INT-0007,O01254,PRIORITY_DISPATCH,2026-08-11T14:55:00,ops_automation,ETA_MISS
INT-0008,O00238,RESTAURANT_CONTACT,2026-08-27T16:26:00,support,NO_DRIVER
INT-0009,O00479,PRIORITY_DISPATCH,2026-08-13T22:41:00,ops_automation,LATE_RISK
INT-0010,O00651,ETA_MESSAGE,2026-08-05T15:12:00,ops_automation,CUSTOMER_CONTACT
INT-0011,O00515,ETA_MESSAGE,2026-08-02T13:48:00,ops_automation,NO_DRIVER
INT-0012,O01104,REFUND_OFFER,2026-08-01T12:02:00,support,ETA_MISS
INT-0013,O00969,ETA_MESSAGE,2026-08-23T17:53:00,ops_automation,LATE_RISK
INT-0014,O01570,RESTAURANT_CONTACT,2026-08-23T13:06:00,support,LATE_RISK
INT-0015,O00585,DRIVER_REASSIGNMENT,2026-08-17T15:05:00,dispatch,CUSTOMER_CONTACT
INT-0016,O00066,ETA_MESSAGE,2026-08-13T17:39:00,ops_automation,ETA_MISS
INT-0017,O00031,RESTAURANT_CONTACT,2026-08-09T20:39:00,support,NO_DRIVER
INT-0018,O00905,RESTAURANT_CONTACT,2026-08-04T15:49:00,support,LATE_RISK
INT-0019,O00368,DRIVER_REASSIGNMENT,2026-08-17T00:20:00,dispatch,RESTAURANT_DELAY
INT-0020,O01135,DRIVER_REASSIGNMENT,2026-08-23T17:43:00,dispatch,CUSTOMER_CONTACT
INT-0021,O01488,RESTAURANT_CONTACT,2026-08-10T13:20:00,support,ETA_MISS
INT-0022,O00486,ETA_MESSAGE,2026-08-06T20:25:00,ops_automation,NO_DRIVER
INT-0023,O01549,ETA_MESSAGE,2026-08-21T21:15:00,ops_automation,ETA_MISS
INT-0024,O00375,RESTAURANT_CONTACT,2026-08-07T23:28:00,support,NO_DRIVER
INT-0025,O00030,ETA_MESSAGE,2026-08-03T13:53:00,ops_automation,LATE_RISK
INT-0026,O01143,DRIVER_REASSIGNMENT,2026-08-02T21:35:00,dispatch,LATE_RISK
INT-0027,O00959,ETA_MESSAGE,2026-08-18T14:13:00,ops_automation,CUSTOMER_CONTACT
INT-0028,O01467,ETA_MESSAGE,2026-08-03T21:37:00,ops_automation,CUSTOMER_CONTACT
INT-0029,O00333,RESTAURANT_CONTACT,2026-08-24T16:35:00,support,RESTAURANT_DELAY
INT-0030,O00713,DRIVER_REASSIGNMENT,2026-08-11T18:32:00,dispatch,LATE_RISK
INT-0031,O00071,ETA_MESSAGE,2026-08-21T18:50:00,ops_automation,RESTAURANT_DELAY
INT-0032,O00290,PRIORITY_DISPATCH,2026-08-21T16:42:00,ops_automation,CUSTOMER_CONTACT
INT-0033,O00988,PRIORITY_DISPATCH,2026-08-04T13:47:00,ops_automation,RESTAURANT_DELAY
INT-0034,O01527,PRIORITY_DISPATCH,2026-08-07T15:45:00,ops_automation,NO_DRIVER
INT-0035,O00417,DRIVER_REASSIGNMENT,2026-08-16T11:46:00,dispatch,RESTAURANT_DELAY
INT-0036,O01088,DRIVER_REASSIGNMENT,2026-08-09T20:02:00,dispatch,RESTAURANT_DELAY
INT-0037,O00325,ETA_MESSAGE,2026-08-19T18:55:00,ops_automation,NO_DRIVER
INT-0038,O00618,DRIVER_REASSIGNMENT,2026-08-26T20:38:00,dispatch,NO_DRIVER
INT-0039,O00381,RESTAURANT_CONTACT,2026-08-18T18:16:00,support,CUSTOMER_CONTACT
INT-0040,O00174,PRIORITY_DISPATCH,2026-08-21T19:22:00,ops_automation,CUSTOMER_CONTACT
INT-0041,O00635,ETA_MESSAGE,2026-08-21T14:15:00,ops_automation,RESTAURANT_DELAY
INT-0042,O00702,ETA_MESSAGE,2026-08-10T12:10:00,ops_automation,LATE_RISK
INT-0043,O01522,DRIVER_REASSIGNMENT,2026-08-16T14:23:00,dispatch,LATE_RISK
INT-0044,O00024,ETA_MESSAGE,2026-08-16T15:19:00,ops_automation,RESTAURANT_DELAY
INT-0045,O01524,DRIVER_REASSIGNMENT,2026-08-15T15:41:00,dispatch,RESTAURANT_DELAY
INT-0046,O00033,DRIVER_REASSIGNMENT,2026-08-06T23:49:00,dispatch,CUSTOMER_CONTACT
INT-0047,O00567,RESTAURANT_CONTACT,2026-08-23T20:56:00,support,NO_DRIVER
INT-0048,O00100,RESTAURANT_CONTACT,2026-08-18T23:38:00,support,CUSTOMER_CONTACT
INT-0049,O00519,RESTAURANT_CONTACT,2026-08-25T17:58:00,support,LATE_RISK
INT-0050,O01188,DRIVER_REASSIGNMENT,2026-08-08T14:43:00,dispatch,ETA_MISS
INT-0051,O01353,REFUND_OFFER,2026-08-14T17:18:00,support,CUSTOMER_CONTACT
INT-0052,O01176,DRIVER_REASSIGNMENT,2026-08-07T21:04:00,dispatch,ETA_MISS
INT-0053,O00808,ETA_MESSAGE,2026-08-01T17:11:00,ops_automation,CUSTOMER_CONTACT
INT-0054,O00395,RESTAURANT_CONTACT,2026-08-15T18:28:00,support,NO_DRIVER
INT-0055,O01396,DRIVER_REASSIGNMENT,2026-08-11T19:09:00,dispatch,ETA_MISS
INT-0056,O01453,RESTAURANT_CONTACT,2026-08-15T21:00:00,support,NO_DRIVER
INT-0057,O00353,RESTAURANT_CONTACT,2026-08-23T16:34:00,support,RESTAURANT_DELAY
INT-0058,O00571,DRIVER_REASSIGNMENT,2026-08-10T22:05:00,dispatch,ETA_MISS
INT-0059,O00416,ETA_MESSAGE,2026-08-24T00:16:00,ops_automation,CUSTOMER_CONTACT
INT-0060,O00612,RESTAURANT_CONTACT,2026-08-16T18:35:00,support,CUSTOMER_CONTACT
INT-0061,O00301,PRIORITY_DISPATCH,2026-08-20T20:10:00,ops_automation,CUSTOMER_CONTACT
INT-0062,O00070,DRIVER_REASSIGNMENT,2026-08-26T21:27:00,dispatch,RESTAURANT_DELAY
INT-0063,O01494,DRIVER_REASSIGNMENT,2026-08-03T18:06:00,dispatch,RESTAURANT_DELAY
INT-0064,O01037,RESTAURANT_CONTACT,2026-08-17T13:35:00,support,LATE_RISK
INT-0065,O00783,DRIVER_REASSIGNMENT,2026-08-21T19:11:00,dispatch,RESTAURANT_DELAY
INT-0066,O00060,DRIVER_REASSIGNMENT,2026-08-10T23:05:00,dispatch,ETA_MISS
INT-0067,O00637,PRIORITY_DISPATCH,2026-08-14T21:44:00,ops_automation,NO_DRIVER
INT-0068,O01019,PRIORITY_DISPATCH,2026-08-18T16:40:00,ops_automation,LATE_RISK
INT-0069,O00760,REFUND_OFFER,2026-08-08T16:42:00,support,RESTAURANT_DELAY
INT-0070,O00678,ETA_MESSAGE,2026-08-28T13:57:00,ops_automation,LATE_RISK
INT-0071,O01293,PRIORITY_DISPATCH,2026-08-13T18:58:00,ops_automation,RESTAURANT_DELAY
INT-0072,O00528,REFUND_OFFER,2026-08-16T23:29:00,support,RESTAURANT_DELAY
INT-0073,O01554,RESTAURANT_CONTACT,2026-08-03T22:16:00,support,NO_DRIVER
INT-0074,O00818,RESTAURANT_CONTACT,2026-08-10T18:52:00,support,RESTAURANT_DELAY
INT-0075,O00245,RESTAURANT_CONTACT,2026-08-09T14:21:00,support,LATE_RISK
INT-0076,O01044,ETA_MESSAGE,2026-08-05T21:56:00,ops_automation,ETA_MISS
INT-0077,O01411,DRIVER_REASSIGNMENT,2026-08-11T12:21:00,dispatch,RESTAURANT_DELAY
INT-0078,O01074,DRIVER_REASSIGNMENT,2026-08-07T20:04:00,dispatch,CUSTOMER_CONTACT
INT-0079,O01463,RESTAURANT_CONTACT,2026-08-18T12:59:00,support,CUSTOMER_CONTACT
INT-0080,O01430,ETA_MESSAGE,2026-08-08T18:53:00,ops_automation,CUSTOMER_CONTACT
INT-0081,O01206,DRIVER_REASSIGNMENT,2026-08-17T14:40:00,dispatch,ETA_MISS
INT-0082,O01108,DRIVER_REASSIGNMENT,2026-08-03T16:35:00,dispatch,LATE_RISK
INT-0083,O01399,PRIORITY_DISPATCH,2026-08-21T18:58:00,ops_automation,NO_DRIVER
INT-0084,O00536,ETA_MESSAGE,2026-08-14T18:37:00,ops_automation,ETA_MISS
INT-0085,O01568,RESTAURANT_CONTACT,2026-08-28T23:32:00,support,ETA_MISS
INT-0086,O01304,RESTAURANT_CONTACT,2026-08-17T20:51:00,support,RESTAURANT_DELAY
INT-0087,O00299,DRIVER_REASSIGNMENT,2026-08-15T12:57:00,dispatch,ETA_MISS
INT-0088,O00765,DRIVER_REASSIGNMENT,2026-08-04T16:29:00,dispatch,LATE_RISK
INT-0089,O00345,RESTAURANT_CONTACT,2026-08-16T19:42:00,support,ETA_MISS
INT-0090,O00531,REFUND_OFFER,2026-08-06T14:04:00,support,CUSTOMER_CONTACT
INT-0091,O01085,REFUND_OFFER,2026-08-12T16:49:00,support,ETA_MISS
INT-0092,O00535,PRIORITY_DISPATCH,2026-08-04T12:20:00,ops_automation,NO_DRIVER
INT-0093,O01286,ETA_MESSAGE,2026-08-04T18:40:00,ops_automation,CUSTOMER_CONTACT
INT-0094,O00472,RESTAURANT_CONTACT,2026-08-08T19:32:00,support,LATE_RISK
INT-0095,O00611,ETA_MESSAGE,2026-08-06T21:12:00,ops_automation,NO_DRIVER
INT-0096,O00186,REFUND_OFFER,2026-08-07T21:51:00,support,NO_DRIVER
INT-0097,O00708,DRIVER_REASSIGNMENT,2026-08-22T18:08:00,dispatch,ETA_MISS
INT-0098,O00050,DRIVER_REASSIGNMENT,2026-08-22T15:10:00,dispatch,LATE_RISK
INT-0099,O01115,PRIORITY_DISPATCH,2026-08-25T19:45:00,ops_automation,ETA_MISS
INT-0100,O00819,DRIVER_REASSIGNMENT,2026-08-12T18:57:00,dispatch,NO_DRIVER
INT-0101,O00125,ETA_MESSAGE,2026-08-01T22:45:00,ops_automation,ETA_MISS
INT-0102,O00904,PRIORITY_DISPATCH,2026-08-08T23:56:00,ops_automation,LATE_RISK
INT-0103,O00340,DRIVER_REASSIGNMENT,2026-08-10T19:06:00,dispatch,NO_DRIVER
INT-0104,O00835,DRIVER_REASSIGNMENT,2026-08-14T12:51:00,dispatch,CUSTOMER_CONTACT
INT-0105,O00908,DRIVER_REASSIGNMENT,2026-08-14T21:29:00,dispatch,RESTAURANT_DELAY
INT-0106,O00310,ETA_MESSAGE,2026-08-28T20:49:00,ops_automation,RESTAURANT_DELAY
INT-0107,O00367,DRIVER_REASSIGNMENT,2026-08-16T13:15:00,dispatch,ETA_MISS
INT-0108,O00362,ETA_MESSAGE,2026-08-11T19:56:00,ops_automation,CUSTOMER_CONTACT
INT-0109,O00602,DRIVER_REASSIGNMENT,2026-08-13T19:38:00,dispatch,LATE_RISK
INT-0110,O01178,REFUND_OFFER,2026-08-27T22:20:00,support,NO_DRIVER
INT-0111,O01406,RESTAURANT_CONTACT,2026-08-07T12:48:00,support,RESTAURANT_DELAY
INT-0112,O00406,ETA_MESSAGE,2026-08-06T19:44:00,ops_automation,ETA_MISS
INT-0113,O01117,RESTAURANT_CONTACT,2026-08-01T18:56:00,support,ETA_MISS
INT-0114,O01340,DRIVER_REASSIGNMENT,2026-08-06T20:40:00,dispatch,RESTAURANT_DELAY
INT-0115,O00562,PRIORITY_DISPATCH,2026-08-05T23:09:00,ops_automation,LATE_RISK
INT-0116,O01139,DRIVER_REASSIGNMENT,2026-08-14T17:41:00,dispatch,RESTAURANT_DELAY
INT-0117,O00248,REFUND_OFFER,2026-08-06T17:18:00,support,RESTAURANT_DELAY
INT-0118,O00110,REFUND_OFFER,2026-08-12T13:42:00,support,ETA_MISS
INT-0119,O00221,RESTAURANT_CONTACT,2026-08-02T19:47:00,support,CUSTOMER_CONTACT
INT-0120,O00204,DRIVER_REASSIGNMENT,2026-08-14T20:18:00,dispatch,LATE_RISK
INT-0121,O00848,ETA_MESSAGE,2026-08-17T14:01:00,ops_automation,CUSTOMER_CONTACT
INT-0122,O01226,DRIVER_REASSIGNMENT,2026-08-27T23:50:00,dispatch,RESTAURANT_DELAY
INT-0123,O00276,PRIORITY_DISPATCH,2026-08-08T18:47:00,ops_automation,ETA_MISS
INT-0124,O00463,PRIORITY_DISPATCH,2026-08-05T20:34:00,ops_automation,RESTAURANT_DELAY
INT-0125,O01365,RESTAURANT_CONTACT,2026-08-17T18:12:00,support,RESTAURANT_DELAY
INT-0126,O00351,PRIORITY_DISPATCH,2026-08-16T21:08:00,ops_automation,ETA_MISS
INT-0127,O00271,RESTAURANT_CONTACT,2026-08-10T18:54:00,support,NO_DRIVER
INT-0128,O00599,DRIVER_REASSIGNMENT,2026-08-23T00:30:00,dispatch,CUSTOMER_CONTACT
INT-0129,O00052,ETA_MESSAGE,2026-08-24T17:43:00,ops_automation,LATE_RISK
INT-0130,O00077,DRIVER_REASSIGNMENT,2026-08-15T23:52:00,dispatch,RESTAURANT_DELAY
INT-0131,O00552,DRIVER_REASSIGNMENT,2026-08-23T13:59:00,dispatch,ETA_MISS
INT-0132,O01490,RESTAURANT_CONTACT,2026-08-27T23:20:00,support,LATE_RISK
INT-0133,O01461,REFUND_OFFER,2026-08-13T19:54:00,support,LATE_RISK
INT-0134,O01114,RESTAURANT_CONTACT,2026-08-28T15:50:00,support,LATE_RISK
INT-0135,O00615,DRIVER_REASSIGNMENT,2026-08-16T19:35:00,dispatch,LATE_RISK
INT-0136,O00163,DRIVER_REASSIGNMENT,2026-08-10T19:07:00,dispatch,LATE_RISK
INT-0137,O00124,DRIVER_REASSIGNMENT,2026-08-13T18:03:00,dispatch,RESTAURANT_DELAY
INT-0138,O01410,ETA_MESSAGE,2026-08-10T16:03:00,ops_automation,NO_DRIVER
INT-0139,O00439,RESTAURANT_CONTACT,2026-08-01T19:56:00,support,RESTAURANT_DELAY
INT-0140,O00856,ETA_MESSAGE,2026-08-03T18:53:00,ops_automation,ETA_MISS
INT-0141,O01245,DRIVER_REASSIGNMENT,2026-08-05T20:44:00,dispatch,LATE_RISK
INT-0142,O00252,DRIVER_REASSIGNMENT,2026-08-11T19:10:00,dispatch,NO_DRIVER
INT-0143,O00272,PRIORITY_DISPATCH,2026-08-15T12:16:00,ops_automation,RESTAURANT_DELAY
INT-0144,O00185,DRIVER_REASSIGNMENT,2026-08-27T17:39:00,dispatch,NO_DRIVER
INT-0145,O00068,PRIORITY_DISPATCH,2026-08-12T11:53:00,ops_automation,LATE_RISK
INT-0146,O00484,ETA_MESSAGE,2026-08-21T20:59:00,ops_automation,LATE_RISK
INT-0147,O00142,REFUND_OFFER,2026-08-19T17:45:00,support,LATE_RISK
INT-0148,O01390,ETA_MESSAGE,2026-08-15T19:46:00,ops_automation,ETA_MISS
INT-0149,O00933,REFUND_OFFER,2026-08-20T13:03:00,support,ETA_MISS
INT-0150,O00529,ETA_MESSAGE,2026-08-01T20:41:00,ops_automation,CUSTOMER_CONTACT
INT-0151,O00465,ETA_MESSAGE,2026-08-22T21:42:00,ops_automation,LATE_RISK
INT-0152,O00716,PRIORITY_DISPATCH,2026-08-04T20:45:00,ops_automation,RESTAURANT_DELAY
INT-0153,O01002,ETA_MESSAGE,2026-08-03T19:00:00,ops_automation,RESTAURANT_DELAY
INT-0154,O00307,RESTAURANT_CONTACT,2026-08-11T20:35:00,support,CUSTOMER_CONTACT
INT-0155,O00766,DRIVER_REASSIGNMENT,2026-08-06T15:21:00,dispatch,LATE_RISK
INT-0156,O01404,RESTAURANT_CONTACT,2026-08-20T19:14:00,support,RESTAURANT_DELAY
INT-0157,O01422,DRIVER_REASSIGNMENT,2026-08-25T23:49:00,dispatch,NO_DRIVER
INT-0158,O00592,RESTAURANT_CONTACT,2026-08-01T19:59:00,support,NO_DRIVER
INT-0159,O01459,RESTAURANT_CONTACT,2026-08-04T18:54:00,support,CUSTOMER_CONTACT
INT-0160,O00298,RESTAURANT_CONTACT,2026-08-15T20:59:00,support,ETA_MISS
INT-0161,O01380,REFUND_OFFER,2026-08-15T19:07:00,support,RESTAURANT_DELAY
INT-0162,O00939,RESTAURANT_CONTACT,2026-08-18T11:54:00,support,RESTAURANT_DELAY
INT-0163,O01198,ETA_MESSAGE,2026-08-25T18:20:00,ops_automation,CUSTOMER_CONTACT
INT-0164,O00731,ETA_MESSAGE,2026-08-15T12:48:00,ops_automation,RESTAURANT_DELAY
INT-0165,O01146,PRIORITY_DISPATCH,2026-08-04T13:15:00,ops_automation,NO_DRIVER
INT-0166,O01381,ETA_MESSAGE,2026-08-05T21:29:00,ops_automation,NO_DRIVER
INT-0167,O00889,ETA_MESSAGE,2026-08-13T20:57:00,ops_automation,ETA_MISS
INT-0168,O01539,DRIVER_REASSIGNMENT,2026-08-04T22:13:00,dispatch,CUSTOMER_CONTACT
INT-0169,O00561,DRIVER_REASSIGNMENT,2026-08-18T22:17:00,dispatch,CUSTOMER_CONTACT
INT-0170,O00926,DRIVER_REASSIGNMENT,2026-08-21T17:45:00,dispatch,ETA_MISS
INT-0171,O00383,DRIVER_REASSIGNMENT,2026-08-13T19:58:00,dispatch,ETA_MISS
INT-0172,O01066,ETA_MESSAGE,2026-08-28T22:46:00,ops_automation,RESTAURANT_DELAY
INT-0173,O00240,ETA_MESSAGE,2026-08-25T13:07:00,ops_automation,CUSTOMER_CONTACT
INT-0174,O01299,REFUND_OFFER,2026-08-28T17:36:00,support,NO_DRIVER
INT-0175,O00452,PRIORITY_DISPATCH,2026-08-20T11:33:00,ops_automation,LATE_RISK
INT-0176,O00317,PRIORITY_DISPATCH,2026-08-12T17:57:00,ops_automation,LATE_RISK
INT-0177,O01164,PRIORITY_DISPATCH,2026-08-28T19:05:00,ops_automation,RESTAURANT_DELAY
INT-0178,O00332,RESTAURANT_CONTACT,2026-08-22T21:14:00,support,RESTAURANT_DELAY
INT-0179,O00979,ETA_MESSAGE,2026-08-24T20:33:00,ops_automation,CUSTOMER_CONTACT
INT-0180,O00555,PRIORITY_DISPATCH,2026-08-24T14:54:00,ops_automation,RESTAURANT_DELAY
INT-0181,O00591,REFUND_OFFER,2026-08-16T23:53:00,support,LATE_RISK
INT-0182,O00304,DRIVER_REASSIGNMENT,2026-08-23T21:50:00,dispatch,LATE_RISK
INT-0183,O01186,PRIORITY_DISPATCH,2026-08-06T18:59:00,ops_automation,RESTAURANT_DELAY
INT-0184,O00171,ETA_MESSAGE,2026-08-17T18:35:00,ops_automation,CUSTOMER_CONTACT
INT-0185,O01089,RESTAURANT_CONTACT,2026-08-21T14:33:00,support,ETA_MISS
INT-0186,O00262,ETA_MESSAGE,2026-08-10T17:43:00,ops_automation,NO_DRIVER
INT-0187,O00576,RESTAURANT_CONTACT,2026-08-27T21:21:00,support,NO_DRIVER
INT-0188,O00045,DRIVER_REASSIGNMENT,2026-08-14T13:44:00,dispatch,LATE_RISK
INT-0189,O00469,REFUND_OFFER,2026-08-16T13:00:00,support,RESTAURANT_DELAY
INT-0190,O00260,RESTAURANT_CONTACT,2026-08-09T19:16:00,support,CUSTOMER_CONTACT
INT-0191,O00545,PRIORITY_DISPATCH,2026-08-24T21:30:00,ops_automation,ETA_MISS
INT-0192,O00942,ETA_MESSAGE,2026-08-21T22:41:00,ops_automation,RESTAURANT_DELAY
INT-0193,O00354,RESTAURANT_CONTACT,2026-08-12T21:34:00,support,ETA_MISS
INT-0194,O00399,ETA_MESSAGE,2026-08-13T23:29:00,ops_automation,ETA_MISS
INT-0195,O00843,DRIVER_REASSIGNMENT,2026-08-02T22:05:00,dispatch,ETA_MISS
INT-0196,O00753,PRIORITY_DISPATCH,2026-08-04T16:37:00,ops_automation,LATE_RISK
INT-0197,O00530,PRIORITY_DISPATCH,2026-08-16T12:35:00,ops_automation,CUSTOMER_CONTACT
INT-0198,O01038,DRIVER_REASSIGNMENT,2026-08-28T14:06:00,dispatch,RESTAURANT_DELAY
INT-0199,O00116,ETA_MESSAGE,2026-08-26T23:50:00,ops_automation,NO_DRIVER
INT-0200,O00737,RESTAURANT_CONTACT,2026-08-20T20:27:00,support,RESTAURANT_DELAY
INT-0201,O00837,RESTAURANT_CONTACT,2026-08-21T23:12:00,support,ETA_MISS
INT-0202,O00868,ETA_MESSAGE,2026-08-02T11:24:00,ops_automation,LATE_RISK
INT-0203,O00176,REFUND_OFFER,2026-08-10T11:25:00,support,ETA_MISS
INT-0204,O00343,RESTAURANT_CONTACT,2026-08-02T19:52:00,support,ETA_MISS
INT-0205,O01318,DRIVER_REASSIGNMENT,2026-08-11T14:15:00,dispatch,ETA_MISS
INT-0206,O00414,ETA_MESSAGE,2026-08-23T16:49:00,ops_automation,CUSTOMER_CONTACT
INT-0207,O01212,DRIVER_REASSIGNMENT,2026-08-01T11:57:00,dispatch,ETA_MISS
INT-0208,O00079,DRIVER_REASSIGNMENT,2026-08-09T21:01:00,dispatch,NO_DRIVER
INT-0209,O01145,DRIVER_REASSIGNMENT,2026-08-02T21:10:00,dispatch,CUSTOMER_CONTACT
INT-0210,O01475,DRIVER_REASSIGNMENT,2026-08-27T12:04:00,dispatch,ETA_MISS
INT-0211,O01055,PRIORITY_DISPATCH,2026-08-28T12:32:00,ops_automation,LATE_RISK
INT-0212,O01534,DRIVER_REASSIGNMENT,2026-08-13T18:37:00,dispatch,LATE_RISK
INT-0213,O00616,PRIORITY_DISPATCH,2026-08-16T23:07:00,ops_automation,ETA_MISS
INT-0214,O00586,DRIVER_REASSIGNMENT,2026-08-09T17:23:00,dispatch,ETA_MISS
INT-0215,O00199,DRIVER_REASSIGNMENT,2026-08-15T18:03:00,dispatch,ETA_MISS
INT-0216,O00016,REFUND_OFFER,2026-08-14T13:04:00,support,CUSTOMER_CONTACT
INT-0217,O00787,ETA_MESSAGE,2026-08-22T18:41:00,ops_automation,ETA_MISS
INT-0218,O01133,DRIVER_REASSIGNMENT,2026-08-10T15:48:00,dispatch,NO_DRIVER
INT-0219,O00275,DRIVER_REASSIGNMENT,2026-08-15T20:31:00,dispatch,RESTAURANT_DELAY
INT-0220,O01369,ETA_MESSAGE,2026-08-24T15:10:00,ops_automation,CUSTOMER_CONTACT
INT-0221,O01032,ETA_MESSAGE,2026-08-23T16:27:00,ops_automation,LATE_RISK
INT-0222,O00721,ETA_MESSAGE,2026-08-23T14:51:00,ops_automation,LATE_RISK
INT-0223,O00894,DRIVER_REASSIGNMENT,2026-08-14T11:28:00,dispatch,CUSTOMER_CONTACT
INT-0224,O01323,REFUND_OFFER,2026-08-10T12:46:00,support,CUSTOMER_CONTACT
INT-0225,O00673,DRIVER_REASSIGNMENT,2026-08-27T11:55:00,dispatch,CUSTOMER_CONTACT
INT-0226,O01246,DRIVER_REASSIGNMENT,2026-08-15T17:35:00,dispatch,ETA_MISS
INT-0227,O00494,ETA_MESSAGE,2026-08-06T15:07:00,ops_automation,LATE_RISK
INT-0228,O00655,DRIVER_REASSIGNMENT,2026-08-14T15:27:00,dispatch,LATE_RISK
INT-0229,O00200,REFUND_OFFER,2026-08-22T19:04:00,support,RESTAURANT_DELAY
INT-0230,O00608,ETA_MESSAGE,2026-08-15T21:10:00,ops_automation,CUSTOMER_CONTACT
INT-0231,O01330,PRIORITY_DISPATCH,2026-08-02T14:26:00,ops_automation,LATE_RISK
INT-0232,O00907,REFUND_OFFER,2026-08-20T13:39:00,support,NO_DRIVER
INT-0233,O01227,PRIORITY_DISPATCH,2026-08-18T20:08:00,ops_automation,CUSTOMER_CONTACT
INT-0234,O01592,PRIORITY_DISPATCH,2026-08-11T22:12:00,ops_automation,ETA_MISS
INT-0235,O00352,DRIVER_REASSIGNMENT,2026-08-16T19:31:00,dispatch,RESTAURANT_DELAY
INT-0236,O01129,RESTAURANT_CONTACT,2026-08-11T21:30:00,support,RESTAURANT_DELAY
INT-0237,O00382,DRIVER_REASSIGNMENT,2026-08-28T21:33:00,dispatch,LATE_RISK
INT-0238,O00820,DRIVER_REASSIGNMENT,2026-08-15T23:48:00,dispatch,NO_DRIVER
INT-0239,O00984,RESTAURANT_CONTACT,2026-08-07T21:27:00,support,CUSTOMER_CONTACT
INT-0240,O01177,PRIORITY_DISPATCH,2026-08-07T18:33:00,ops_automation,RESTAURANT_DELAY
INT-0241,O01005,RESTAURANT_CONTACT,2026-08-26T21:45:00,support,NO_DRIVER
INT-0242,O01084,PRIORITY_DISPATCH,2026-08-06T13:24:00,ops_automation,NO_DRIVER
INT-0243,O00809,DRIVER_REASSIGNMENT,2026-08-02T18:30:00,dispatch,RESTAURANT_DELAY
INT-0244,O01086,RESTAURANT_CONTACT,2026-08-25T17:27:00,support,NO_DRIVER
INT-0245,O00241,PRIORITY_DISPATCH,2026-08-24T23:11:00,ops_automation,RESTAURANT_DELAY
INT-0246,O00433,ETA_MESSAGE,2026-08-04T19:50:00,ops_automation,CUSTOMER_CONTACT
INT-0247,O00057,PRIORITY_DISPATCH,2026-08-27T20:09:00,ops_automation,NO_DRIVER
INT-0248,O00074,ETA_MESSAGE,2026-08-20T18:25:00,ops_automation,RESTAURANT_DELAY
INT-0249,O01158,RESTAURANT_CONTACT,2026-08-15T19:53:00,support,CUSTOMER_CONTACT
INT-0250,O00887,RESTAURANT_CONTACT,2026-08-10T20:02:00,support,RESTAURANT_DELAY
INT-0251,O01030,ETA_MESSAGE,2026-08-16T17:44:00,ops_automation,ETA_MISS
INT-0252,O00725,REFUND_OFFER,2026-08-11T15:18:00,support,RESTAURANT_DELAY
INT-0253,O01400,PRIORITY_DISPATCH,2026-08-04T17:51:00,ops_automation,CUSTOMER_CONTACT
INT-0254,O00044,RESTAURANT_CONTACT,2026-08-08T20:02:00,support,ETA_MISS
INT-0255,O00101,PRIORITY_DISPATCH,2026-08-24T21:08:00,ops_automation,LATE_RISK
INT-0256,O01389,DRIVER_REASSIGNMENT,2026-08-26T19:15:00,dispatch,ETA_MISS
INT-0257,O01156,DRIVER_REASSIGNMENT,2026-08-22T22:17:00,dispatch,NO_DRIVER
INT-0258,O00102,RESTAURANT_CONTACT,2026-08-11T17:03:00,support,LATE_RISK
INT-0259,O00632,RESTAURANT_CONTACT,2026-08-14T18:45:00,support,CUSTOMER_CONTACT
INT-0260,O00108,DRIVER_REASSIGNMENT,2026-08-19T00:20:00,dispatch,ETA_MISS
