order_id,restaurant_id,status,last_updated_at
O00001,R009,ready,2026-08-14T13:35:49.825561
O00002,R018,preparing,2026-08-01T19:06:24.735336
O00003,R010,delayed,2026-08-01T20:08:50.820366
O00004,R030,handoff,2026-08-09T19:00:48.725485
O00005,R004,handed_off,2026-08-06T21:35:38.024280
O00006,R052,ready,2026-08-26T23:51:33.631520
O00007,R021,preparing,2026-08-14T12:29:06.040105
O00008,R010,delayed,2026-08-27T23:37:00.536098
O00009,R053,handoff,2026-08-09T14:17:11.662156
O00010,R006,handed_off,2026-08-22T14:23:04.636196
O00011,R048,ready,2026-08-13T21:00:14.921540
O00012,R008,preparing,2026-08-22T14:01:21.406966
O00013,R055,delayed,2026-08-23T20:01:41.741882
O00014,R052,handoff,2026-08-22T19:07:38.422208
O00015,R035,handed_off,2026-08-16T19:55:32.256723
O00016,R028,ready,2026-08-14T13:35:47.806363
O00017,R001,preparing,2026-08-24T21:30:50.967069
O00018,R051,delayed,2026-08-24T14:09:52.409699
O00019,R006,handoff,2026-08-13T16:44:28.629470
O00020,R037,handed_off,2026-08-07T22:34:05.978241
O00021,R010,ready,2026-08-10T12:42:20.502684
O00022,R047,preparing,2026-08-26T12:31:18.389455
O00023,R050,delayed,2026-08-26T23:41:00.277655
O00024,R011,handoff,2026-08-16T15:55:20.724084
O00025,R023,handed_off,2026-08-01T12:34:31.152542
O00026,R010,ready,2026-08-18T23:03:15.444652
O00027,R026,preparing,2026-08-09T11:57:29.978834
O00028,R054,delayed,2026-08-04T20:53:01.022116
O00029,R052,handoff,2026-08-15T17:17:48.040905
O00030,R005,handed_off,2026-08-03T14:11:40.389650
O00031,R039,ready,2026-08-09T20:56:38.793988
O00032,R013,preparing,2026-08-14T21:33:09.676879
O00033,R024,delayed,2026-08-07T00:38:18.107741
O00034,R028,handoff,2026-08-25T18:28:21.860118
O00035,R050,handed_off,2026-08-10T19:47:19.400185
O00036,R025,ready,2026-08-23T17:42:53.954518
O00037,R023,preparing,2026-08-09T20:55:48.474029
O00038,R041,delayed,2026-08-08T21:56:05.008508
O00039,R051,handoff,2026-08-11T22:38:09.021609
O00040,R012,handed_off,2026-08-11T20:54:03.749918
O00041,R028,ready,2026-08-01T12:37:10.069906
O00042,R025,preparing,2026-08-09T19:27:01.883678
O00043,R008,delayed,2026-08-04T15:47:49.846453
O00044,R006,handoff,2026-08-08T20:35:43.232668
O00045,R038,handed_off,2026-08-14T13:58:04.252494
O00046,R048,ready,2026-08-05T21:01:13.634840
O00047,R011,preparing,2026-08-22T16:50:40.868551
O00048,R044,delayed,2026-08-11T00:31:00.424638
O00049,R025,handoff,2026-08-09T11:55:43.930186
O00050,R036,handed_off,2026-08-22T15:19:29.011983
O00051,R039,ready,2026-08-01T16:35:51.495665
O00052,R055,preparing,2026-08-24T18:30:16.946011
O00053,R030,delayed,2026-08-13T18:42:53.797613
O00054,R002,handoff,2026-08-28T21:45:10.582862
O00055,R049,handed_off,2026-08-16T14:31:05.645770
O00056,R022,ready,2026-08-10T20:06:53.826897
O00057,R006,preparing,2026-08-27T20:34:29.848536
O00058,R030,delayed,2026-08-05T21:04:28.460434
O00059,R018,handoff,2026-08-09T19:21:59.607808
O00060,R038,handed_off,2026-08-11T00:10:03.056253
O00061,R036,ready,2026-08-03T21:54:32.897292
O00062,R020,preparing,2026-08-17T13:30:19.852864
O00063,R040,delayed,2026-08-20T14:18:56.067127
O00064,R002,handoff,2026-08-09T20:34:33.032412
O00065,R019,handed_off,2026-08-21T14:28:07.263020
O00066,R002,ready,2026-08-13T18:01:22.556953
O00067,R033,preparing,2026-08-12T17:36:14.803034
O00068,R058,delayed,2026-08-12T12:10:36.650431
O00069,R025,handoff,2026-08-20T14:20:08.059244
O00070,R056,handed_off,2026-08-26T21:39:28.452409
O00071,R042,ready,2026-08-21T19:31:42.768236
O00072,R016,preparing,2026-08-15T23:06:48.467550
O00073,R050,delayed,2026-08-27T14:26:59.206034
O00074,R041,handoff,2026-08-20T18:42:00.420270
O00075,R033,handed_off,2026-08-17T23:45:16.214030
O00076,R012,ready,2026-08-21T18:04:53.912802
O00077,R053,preparing,2026-08-16T00:35:41.900236
O00078,R027,delayed,2026-08-25T19:58:13.247574
O00079,R024,handoff,2026-08-09T21:31:46.629720
O00080,R029,handed_off,2026-08-21T00:30:18.199111
O00081,R037,ready,2026-08-19T11:55:02.999481
O00082,R060,preparing,2026-08-17T18:23:55.830854
O00083,R021,delayed,2026-08-16T00:48:07.414442
O00084,R004,handoff,2026-08-07T21:09:38.288560
O00085,R009,handed_off,2026-08-03T12:49:22.694982
O00086,R042,ready,2026-08-04T18:51:02.980015
O00087,R016,preparing,2026-08-06T20:06:57.983013
O00088,R034,delayed,2026-08-16T22:05:36.170791
O00089,R002,handoff,2026-08-25T00:08:10.776789
O00090,R039,handed_off,2026-08-20T18:51:29.635751
O00091,R026,ready,2026-08-08T15:05:22.888278
O00092,R030,preparing,2026-08-03T18:19:55.130436
O00093,R034,delayed,2026-08-02T12:40:43.037180
O00094,R003,handoff,2026-08-19T18:11:02.564976
O00095,R053,handed_off,2026-08-21T22:09:59.863473
O00096,R046,ready,2026-08-28T22:45:07.159833
O00097,R026,preparing,2026-08-26T20:10:04.445452
O00098,R054,delayed,2026-08-04T22:02:55.655146
O00099,R038,handoff,2026-08-18T19:49:28.716286
O00100,R036,handed_off,2026-08-18T23:46:27.248969
O00101,R007,ready,2026-08-24T21:42:03.983984
O00102,R004,preparing,2026-08-11T17:25:05.809584
O00103,R020,delayed,2026-08-22T21:02:45.064627
O00104,R031,handoff,2026-08-09T23:13:33.934776
O00105,R027,handed_off,2026-08-08T14:55:39.014283
O00106,R035,ready,2026-08-12T13:18:53.767240
O00107,R050,preparing,2026-08-15T21:28:47.105998
O00108,R040,delayed,2026-08-19T00:49:01.322470
O00109,R002,handoff,2026-08-28T19:06:15.568247
O00110,R040,handed_off,2026-08-12T14:04:04.470524
O00111,R031,ready,2026-08-15T15:09:06.249152
O00112,R056,preparing,2026-08-09T13:02:00.358227
O00113,R058,delayed,2026-08-18T19:55:57.053016
O00114,R056,handoff,2026-08-03T19:41:17.131133
O00115,R017,handed_off,2026-08-24T13:33:51.877854
O00116,R004,ready,2026-08-27T00:33:01.064026
O00117,R032,preparing,2026-08-18T20:35:42.521740
O00118,R060,delayed,2026-08-27T22:55:32.703369
O00119,R041,handoff,2026-08-24T16:30:54.243412
O00120,R040,handed_off,2026-08-13T19:07:08.055622
O00121,R053,ready,2026-08-14T20:11:13.979013
O00122,R010,preparing,2026-08-11T11:46:44.232576
O00123,R017,delayed,2026-08-03T18:53:42.220551
O00124,R042,handoff,2026-08-13T18:22:49.859896
O00125,R004,handed_off,2026-08-01T23:14:54.141616
O00126,R001,ready,2026-08-03T21:23:22.215700
O00127,R001,preparing,2026-08-03T17:57:36.898065
O00128,R013,delayed,2026-08-20T14:08:57.335430
O00129,R042,handoff,2026-08-12T13:18:35.438483
O00130,R053,handed_off,2026-08-15T21:47:07.369165
O00131,R055,ready,2026-08-28T20:32:44.311187
O00132,R003,preparing,2026-08-21T19:03:18.336678
O00133,R033,delayed,2026-08-16T12:47:56.533519
O00134,R023,handoff,2026-08-11T12:40:24.166489
O00135,R019,handed_off,2026-08-26T17:42:55.638508
O00136,R058,ready,2026-08-19T13:31:26.396076
O00137,R059,preparing,2026-08-23T21:44:56.773299
O00138,R042,delayed,2026-08-06T19:19:16.807438
O00139,R002,handoff,2026-08-19T12:34:44.683358
O00140,R047,handed_off,2026-08-18T21:03:17.560186
O00141,R031,ready,2026-08-27T13:48:30.920330
O00142,R022,preparing,2026-08-19T18:00:46.105943
O00143,R013,delayed,2026-08-08T14:21:37.538377
O00144,R034,handoff,2026-08-23T23:33:25.996875
O00145,R015,handed_off,2026-08-11T18:42:22.495775
O00146,R015,ready,2026-08-08T00:18:12.231564
O00147,R016,preparing,2026-08-25T15:42:31.074721
O00148,R025,delayed,2026-08-10T14:30:35.150451
O00149,R055,handoff,2026-08-22T19:04:37.875668
O00150,R020,handed_off,2026-08-24T20:39:34.582382
O00151,R026,ready,2026-08-08T19:23:44.862820
O00152,R010,preparing,2026-08-01T20:07:35.702459
O00153,R049,delayed,2026-08-07T23:56:02.113360
O00154,R015,handoff,2026-08-20T20:27:54.825409
O00155,R023,handed_off,2026-08-17T20:14:21.661056
O00156,R017,ready,2026-08-02T19:34:34.642680
O00157,R045,preparing,2026-08-13T22:31:56.657561
O00158,R004,delayed,2026-08-02T14:31:48.867978
O00159,R039,handoff,2026-08-26T17:10:36.844737
O00160,R005,handed_off,2026-08-11T12:18:02.500906
O00161,R031,ready,2026-08-28T19:34:06.730220
O00162,R003,preparing,2026-08-26T18:47:32.131791
O00163,R041,delayed,2026-08-10T19:38:54.739354
O00164,R041,handoff,2026-08-10T15:59:17.488760
O00165,R047,handed_off,2026-08-05T15:22:45.473111
O00166,R032,ready,2026-08-11T13:22:16.683775
O00167,R011,preparing,2026-08-20T20:15:06.393514
O00168,R043,delayed,2026-08-12T19:53:03.881383
O00169,R055,handoff,2026-08-22T16:24:20.745210
O00170,R015,handed_off,2026-08-23T18:15:56.927664
O00171,R008,ready,2026-08-17T19:21:31.744691
O00172,R012,preparing,2026-08-04T17:00:21.529411
O00173,R009,delayed,2026-08-06T21:16:02.772135
O00174,R049,handoff,2026-08-21T20:03:26.579106
O00175,R005,handed_off,2026-08-24T12:04:02.594801
O00176,R004,ready,2026-08-10T12:13:24.681107
O00177,R023,preparing,2026-08-02T13:05:41.288315
O00178,R023,delayed,2026-08-20T19:24:50.068068
O00179,R060,handoff,2026-08-15T16:54:46.225712
O00180,R041,handed_off,2026-08-08T19:21:23.314022
O00181,R006,ready,2026-08-14T13:13:26.991712
O00182,R055,preparing,2026-08-23T20:21:00.455578
O00183,R041,delayed,2026-08-16T11:58:02.970571
O00184,R058,handoff,2026-08-09T22:29:21.472383
O00185,R012,handed_off,2026-08-27T18:03:55.450542
O00186,R029,ready,2026-08-07T21:59:56.381458
O00187,R009,preparing,2026-08-28T19:11:13.151927
O00188,R009,delayed,2026-08-09T20:40:30.302194
O00189,R011,handoff,2026-08-15T17:35:55.662026
O00190,R042,handed_off,2026-08-09T20:49:53.630198
O00191,R004,ready,2026-08-09T23:18:11.060858
O00192,R003,preparing,2026-08-06T17:31:44.325684
O00193,R034,delayed,2026-08-11T18:02:35.187769
O00194,R020,handoff,2026-08-11T18:39:39.836812
O00195,R033,handed_off,2026-08-25T17:05:59.839412
O00196,R043,ready,2026-08-01T22:27:32.237101
O00197,R009,preparing,2026-08-24T19:10:02.892832
O00198,R016,delayed,2026-08-19T19:22:58.154574
O00199,R057,handoff,2026-08-15T18:09:51.846009
O00200,R002,handed_off,2026-08-22T19:28:52.989888
O00201,R044,ready,2026-08-12T20:05:31.160966
O00202,R002,preparing,2026-08-24T13:13:50.019998
O00203,R039,delayed,2026-08-01T22:32:25.508600
O00204,R005,handoff,2026-08-14T21:03:54.560652
O00205,R023,handed_off,2026-08-27T21:50:58.227850
O00206,R017,ready,2026-08-24T16:28:42.508840
O00207,R060,preparing,2026-08-09T12:01:44.010529
O00208,R051,delayed,2026-08-27T13:24:47.635198
O00209,R034,handoff,2026-08-15T13:31:51.234060
O00210,R022,handed_off,2026-08-14T13:34:16.633243
O00211,R016,ready,2026-08-22T20:53:58.587689
O00212,R037,preparing,2026-08-20T20:13:06.305371
O00213,R058,delayed,2026-08-17T17:33:50.610309
O00214,R052,handoff,2026-08-17T19:46:32.141352
O00215,R030,handed_off,2026-08-07T16:48:00.435235
O00216,R009,ready,2026-08-18T18:25:02.127090
O00217,R039,preparing,2026-08-20T22:31:51.296982
O00218,R058,delayed,2026-08-07T00:26:46.205586
O00219,R011,handoff,2026-08-25T23:18:07.403085
O00220,R037,handed_off,2026-08-08T22:10:57.150068
O00221,R003,ready,2026-08-02T20:09:07.413338
O00222,R017,preparing,2026-08-17T21:13:03.318779
O00223,R048,delayed,2026-08-14T22:06:01.908501
O00224,R003,handoff,2026-08-03T18:53:41.400103
O00225,R030,handed_off,2026-08-23T22:03:40.586784
O00226,R005,ready,2026-08-05T21:44:48.675379
O00227,R014,preparing,2026-08-04T12:31:24.808083
O00228,R034,delayed,2026-08-07T13:32:25.997721
O00229,R014,handoff,2026-08-05T19:39:58.114221
O00230,R021,handed_off,2026-08-26T15:28:35.724645
O00231,R049,ready,2026-08-27T16:25:21.027804
O00232,R041,preparing,2026-08-18T19:29:24.960281
O00233,R016,delayed,2026-08-27T00:26:45.356652
O00234,R028,handoff,2026-08-03T15:54:32.833871
O00235,R030,handed_off,2026-08-19T20:55:35.796300
O00236,R041,ready,2026-08-06T15:23:23.989880
O00237,R013,preparing,2026-08-08T12:27:58.236455
O00238,R018,delayed,2026-08-27T17:01:29.912528
O00239,R055,handoff,2026-08-03T15:22:11.880018
O00240,R028,handed_off,2026-08-25T13:47:45.724465
O00241,R030,ready,2026-08-24T23:35:43.463053
O00242,R025,preparing,2026-08-19T19:10:07.134998
O00243,R051,delayed,2026-08-18T21:10:54.324407
O00244,R047,handoff,2026-08-23T22:40:46.606052
O00245,R006,handed_off,2026-08-09T14:43:32.065655
O00246,R048,ready,2026-08-22T23:03:19.130186
O00247,R030,preparing,2026-08-17T12:27:15.974181
O00248,R058,delayed,2026-08-06T17:58:56.600700
O00249,R059,handoff,2026-08-15T23:01:17.195880
O00250,R051,handed_off,2026-08-10T13:39:46.912923
O00251,R036,ready,2026-08-28T16:10:59.517626
O00252,R025,preparing,2026-08-12T19:08:05.137962
O00253,R022,delayed,2026-08-06T18:50:28.815425
O00254,R002,handoff,2026-08-16T17:52:39.740270
O00255,R034,handed_off,2026-08-26T23:45:38.487121
O00256,R008,ready,2026-08-06T13:36:55.816674
O00257,R039,preparing,2026-08-20T15:23:02.989481
O00258,R006,delayed,2026-08-11T18:29:24.033904
O00259,R032,handoff,2026-08-06T13:53:47.934772
O00260,R028,handed_off,2026-08-09T20:01:28.756223
O00261,R051,ready,2026-08-18T23:34:19.486790
O00262,R041,preparing,2026-08-10T18:08:52.143291
O00263,R032,delayed,2026-08-18T18:22:22.990397
O00264,R037,handoff,2026-08-23T20:24:05.099974
O00265,R018,handed_off,2026-08-18T11:49:06.146841
O00266,R058,ready,2026-08-10T20:57:43.021037
O00267,R001,preparing,2026-08-08T18:03:17.197705
O00268,R042,delayed,2026-08-18T19:18:45.635105
O00269,R046,handoff,2026-08-19T21:12:39.464242
O00270,R023,handed_off,2026-08-08T17:26:06.246062
O00271,R044,ready,2026-08-10T19:23:33.708939
O00272,R038,preparing,2026-08-15T12:38:12.819359
O00273,R053,delayed,2026-08-14T20:12:13.662702
O00274,R007,handoff,2026-08-04T12:22:04.120318
O00275,R029,handed_off,2026-08-15T21:04:43.272580
O00276,R057,ready,2026-08-08T19:19:49.927610
O00277,R053,preparing,2026-08-06T19:00:30.744066
O00278,R033,delayed,2026-08-24T16:03:21.486457
O00279,R039,handoff,2026-08-23T21:31:41.566801
O00280,R015,handed_off,2026-08-09T18:21:20.012310
O00281,R015,ready,2026-08-27T23:18:04.623515
O00282,R015,preparing,2026-08-21T22:45:52.836811
O00283,R052,delayed,2026-08-11T18:52:04.753850
O00284,R060,handoff,2026-08-09T13:23:08.585107
O00285,R037,handed_off,2026-08-22T18:20:09.129424
O00286,R001,ready,2026-08-28T13:37:31.182691
O00287,R039,preparing,2026-08-09T19:53:49.059800
O00288,R050,delayed,2026-08-09T21:16:09.682298
O00289,R035,handoff,2026-08-23T11:45:04.608917
O00290,R048,handed_off,2026-08-21T17:05:55.403525
O00291,R018,ready,2026-08-22T20:11:35.334397
O00292,R048,preparing,2026-08-05T20:12:17.506734
O00293,R033,delayed,2026-08-05T21:30:35.349867
O00294,R059,handoff,2026-08-20T20:21:53.647350
O00295,R027,handed_off,2026-08-08T12:50:33.592157
O00296,R040,ready,2026-08-13T21:30:29.187057
O00297,R017,preparing,2026-08-24T12:29:31.515909
O00298,R052,delayed,2026-08-15T21:19:55.535139
O00299,R017,handoff,2026-08-15T13:15:14.931931
O00300,R037,handed_off,2026-08-02T21:54:11.755388
O00301,R059,ready,2026-08-20T20:50:28.977122
O00302,R019,preparing,2026-08-20T20:50:14.783326
O00303,R039,delayed,2026-08-19T21:11:38.818166
O00304,R052,handoff,2026-08-23T21:56:03.681952
O00305,R030,handed_off,2026-08-20T17:51:44.066387
O00306,R014,ready,2026-08-26T13:47:42.072743
O00307,R010,preparing,2026-08-11T20:53:43.830328
O00308,R029,delayed,2026-08-27T17:41:15.153714
O00309,R055,handoff,2026-08-18T19:00:14.682527
O00310,R006,handed_off,2026-08-28T21:22:09.314799
O00311,R054,ready,2026-08-03T19:03:07.996297
O00312,R055,preparing,2026-08-23T00:15:24.530725
O00313,R001,delayed,2026-08-11T18:46:55.323810
O00314,R059,handoff,2026-08-04T12:02:59.260084
O00315,R011,handed_off,2026-08-16T22:28:16.329046
O00316,R057,ready,2026-08-04T00:39:01.239441
O00317,R056,preparing,2026-08-12T18:20:37.236364
O00318,R046,delayed,2026-08-17T13:47:57.043764
O00319,R007,handoff,2026-08-14T19:35:10.363848
O00320,R018,handed_off,2026-08-13T12:46:09.876998
O00321,R050,ready,2026-08-15T19:05:00.140455
O00322,R052,preparing,2026-08-28T14:36:39.367541
O00323,R028,delayed,2026-08-06T19:03:34.628352
O00324,R020,handoff,2026-08-22T19:03:38.578468
O00325,R005,handed_off,2026-08-19T19:14:09.791464
O00326,R036,ready,2026-08-25T21:12:21.204453
O00327,R021,preparing,2026-08-19T21:01:44.724434
O00328,R030,delayed,2026-08-01T16:41:51.282392
O00329,R044,handoff,2026-08-26T20:37:50.763861
O00330,R015,handed_off,2026-08-19T21:07:39.420763
O00331,R006,ready,2026-08-15T18:25:06.194305
O00332,R055,preparing,2026-08-22T21:29:06.859842
O00333,R033,delayed,2026-08-24T17:14:10.913093
O00334,R030,handoff,2026-08-27T00:50:52.271358
O00335,R021,handed_off,2026-08-13T17:19:18.311732
O00336,R015,ready,2026-08-03T13:48:05.894716
O00337,R024,preparing,2026-08-16T18:53:42.005698
O00338,R018,delayed,2026-08-04T19:50:45.398764
O00339,R038,handoff,2026-08-22T14:18:38.997695
O00340,R055,handed_off,2026-08-10T19:46:49.800549
O00341,R035,ready,2026-08-24T14:19:59.669982
O00342,R024,preparing,2026-08-19T13:38:19.110517
O00343,R038,delayed,2026-08-02T20:19:53.359370
O00344,R033,handoff,2026-08-03T20:18:50.568117
O00345,R046,handed_off,2026-08-16T20:08:53.069929
O00346,R012,ready,2026-08-02T14:40:21.516421
O00347,R002,preparing,2026-08-16T18:58:52.342556
O00348,R050,delayed,2026-08-07T18:36:27.684576
O00349,R057,handoff,2026-08-02T15:41:55.065279
O00350,R048,handed_off,2026-08-07T20:17:15.242894
O00351,R028,ready,2026-08-16T21:11:40.289073
O00352,R013,preparing,2026-08-16T20:08:00.821798
O00353,R040,delayed,2026-08-23T16:46:05.535612
O00354,R056,handoff,2026-08-12T21:54:24.381053
O00355,R059,handed_off,2026-08-25T20:37:48.229896
O00356,R046,ready,2026-08-18T22:19:05.327226
O00357,R043,preparing,2026-08-23T14:02:54.394112
O00358,R045,delayed,2026-08-28T21:57:44.733578
O00359,R019,handoff,2026-08-08T19:27:01.594456
O00360,R028,handed_off,2026-08-05T14:14:07.262652
O00361,R012,ready,2026-08-16T20:56:50.456544
O00362,R054,preparing,2026-08-11T20:13:41.493161
O00363,R051,delayed,2026-08-15T17:39:21.700020
O00364,R011,handoff,2026-08-12T18:32:14.197763
O00365,R018,handed_off,2026-08-14T21:21:25.341143
O00366,R037,ready,2026-08-05T15:55:52.058284
O00367,R059,preparing,2026-08-16T13:25:35.163684
O00368,R003,delayed,2026-08-17T00:46:48.059677
O00369,R009,handoff,2026-08-12T12:18:39.189589
O00370,R016,handed_off,2026-08-12T21:01:08.557201
O00371,R007,ready,2026-08-04T22:07:19.080236
O00372,R007,preparing,2026-08-05T20:28:49.397797
O00373,R056,delayed,2026-08-02T19:22:32.288314
O00374,R036,handoff,2026-08-19T17:42:20.116953
O00375,R044,handed_off,2026-08-07T23:25:11.858204
O00376,R048,ready,2026-08-15T12:48:27.705834
O00377,R020,preparing,2026-08-28T18:35:11.811990
O00378,R041,delayed,2026-08-23T19:52:45.361566
O00379,R042,handoff,2026-08-26T21:00:02.211297
O00380,R017,handed_off,2026-08-16T19:51:02.611520
O00381,R055,ready,2026-08-18T18:49:57.058759
O00382,R004,preparing,2026-08-28T22:11:20.716819
O00383,R050,delayed,2026-08-13T20:44:01.449265
O00384,R060,handoff,2026-08-21T17:10:11.702845
O00385,R018,handed_off,2026-08-22T22:31:04.337203
O00386,R043,ready,2026-08-11T13:51:10.825241
O00387,R057,preparing,2026-08-03T20:32:29.972443
O00388,R033,delayed,2026-08-20T19:34:01.461152
O00389,R045,handoff,2026-08-08T17:13:48.970442
O00390,R017,handed_off,2026-08-04T13:34:57.572546
O00391,R035,ready,2026-08-16T21:03:29.052534
O00392,R003,preparing,2026-08-04T19:51:11.487414
O00393,R054,delayed,2026-08-08T00:41:22.791458
O00394,R048,handoff,2026-08-01T20:58:47.410789
O00395,R040,handed_off,2026-08-15T18:55:44.580725
O00396,R055,ready,2026-08-28T13:47:42.864711
O00397,R005,preparing,2026-08-27T19:07:28.708725
O00398,R050,delayed,2026-08-24T00:29:08.275161
O00399,R001,handoff,2026-08-13T23:49:16.479414
O00400,R004,handed_off,2026-08-05T13:18:02.481272
O00401,,ready,2026-08-24T19:00:49.644278
O00402,,preparing,2026-08-21T18:41:13.418765
O00403,,delayed,2026-08-16T23:33:17.272665
O00404,R010,handoff,2026-08-06T20:10:41.534794
O00405,R035,handed_off,2026-08-20T21:39:48.826622
O00406,R048,ready,2026-08-06T20:15:30.498697
O00407,R005,preparing,2026-08-06T22:46:11.408483
O00408,R042,delayed,2026-08-04T22:15:07.720823
O00409,R018,handoff,2026-08-15T17:38:56.083111
O00410,R057,handed_off,2026-08-01T21:36:28.765037
O00411,R017,ready,2026-08-07T19:40:13.619671
O00412,R008,preparing,2026-08-16T19:21:10.882552
O00413,R017,delayed,2026-08-14T18:22:07.858144
O00414,R045,handoff,2026-08-23T17:21:32.420393
O00415,R040,handed_off,2026-08-04T12:28:41.256716
O00416,R020,ready,2026-08-24T01:04:00.030492
O00417,R022,preparing,2026-08-16T12:20:05.315081
O00418,R057,delayed,2026-08-16T19:36:58.710867
O00419,R032,handoff,2026-08-21T18:43:48.212238
O00420,R010,handed_off,2026-08-22T20:13:15.327557
O00421,R045,ready,2026-08-16T16:32:24.562471
O00422,R024,preparing,2026-08-10T00:29:17.685063
O00423,R054,delayed,2026-08-20T20:49:45.082177
O00424,R036,handoff,2026-08-28T14:56:25.733641
O00425,R027,handed_off,2026-08-08T14:11:11.889666
O00426,R034,ready,2026-08-02T20:20:38.300571
O00427,R015,preparing,2026-08-17T19:43:28.637551
O00428,R007,delayed,2026-08-05T19:34:12.922426
O00429,R044,handoff,2026-08-12T16:13:29.195931
O00430,R030,handed_off,2026-08-23T19:10:58.898892
O00431,R029,ready,2026-08-15T13:59:20.674411
O00432,R008,preparing,2026-08-15T14:46:34.836005
O00433,R050,delayed,2026-08-04T20:06:46.731336
O00434,R060,handoff,2026-08-10T21:55:32.917101
O00435,R024,handed_off,2026-08-25T19:17:12.364806
O00436,R020,ready,2026-08-26T20:57:39.141619
O00437,R008,preparing,2026-08-07T00:00:31.993973
O00438,R022,delayed,2026-08-11T17:45:56.515880
O00439,R053,handoff,2026-08-01T19:58:45.766686
O00440,R017,handed_off,2026-08-04T16:07:19.457322
O00441,R016,ready,2026-08-21T19:40:05.536493
O00442,R058,preparing,2026-08-16T16:17:58.484206
O00443,R053,delayed,2026-08-07T20:53:36.734225
O00444,R026,handoff,2026-08-20T20:06:04.430931
O00445,R060,handed_off,2026-08-06T22:19:43.060868
O00446,R045,ready,2026-08-02T16:50:19.366626
O00447,R048,preparing,2026-08-09T23:25:55.686606
O00448,R026,delayed,2026-08-11T17:49:39.744301
O00449,R035,handoff,2026-08-24T15:33:58.800082
O00450,R007,handed_off,2026-08-11T22:03:23.756324
O00451,R018,ready,2026-08-28T20:29:53.045584
O00452,R057,preparing,2026-08-20T12:10:42.156314
O00453,R057,delayed,2026-08-26T22:43:23.713907
O00454,R036,handoff,2026-08-19T22:52:59.619685
O00455,R024,handed_off,2026-08-07T20:04:38.924040
O00456,R009,ready,2026-08-01T20:40:34.501796
O00457,R037,preparing,2026-08-01T18:33:52.499454
O00458,R012,delayed,2026-08-09T20:56:52.500807
O00459,R041,handoff,2026-08-15T16:30:29.867757
O00460,R026,handed_off,2026-08-12T17:35:45.188189
O00461,R051,ready,2026-08-07T21:41:54.520288
O00462,R014,preparing,2026-08-19T18:42:08.015036
O00463,R043,delayed,2026-08-05T21:01:40.569574
O00464,R006,handoff,2026-08-12T23:04:43.935647
O00465,R038,handed_off,2026-08-22T22:06:56.960467
O00466,R007,ready,2026-08-25T23:41:57.216011
O00467,R006,preparing,2026-08-25T23:14:36.250437
O00468,R004,delayed,2026-08-25T20:23:10.926338
O00469,R041,handoff,2026-08-16T12:55:02.914224
O00470,R030,handed_off,2026-08-08T17:09:51.082439
O00471,R010,ready,2026-08-07T17:31:12.632435
O00472,R056,preparing,2026-08-08T19:47:38.617887
O00473,R002,delayed,2026-08-14T20:22:22.631148
O00474,R021,handoff,2026-08-04T23:39:24.678164
O00475,R056,handed_off,2026-08-11T20:08:41.208149
O00476,R054,ready,2026-08-04T19:34:28.451241
O00477,R007,preparing,2026-08-21T20:43:32.816157
O00478,R045,delayed,2026-08-11T21:30:20.684682
O00479,R038,handoff,2026-08-13T23:12:57.674973
O00480,R045,handed_off,2026-08-03T20:39:17.339837
O00481,R014,ready,2026-08-23T18:33:42.877804
O00482,R043,preparing,2026-08-13T19:13:44.137111
O00483,R004,delayed,2026-08-10T14:59:51.887736
O00484,R057,handoff,2026-08-21T21:26:39.799380
O00485,R026,handed_off,2026-08-15T19:49:08.015329
O00486,R043,ready,2026-08-06T23:44:25.019780
O00487,R041,preparing,2026-08-24T18:04:15.588153
O00488,R018,delayed,2026-08-13T19:31:41.399010
O00489,R017,handoff,2026-08-19T13:51:11.946224
O00490,R016,handed_off,2026-08-08T16:03:51.592269
O00491,R045,ready,2026-08-13T18:49:28.409589
O00492,R023,preparing,2026-08-26T18:12:44.467541
O00493,R026,delayed,2026-08-01T13:11:55.188378
O00494,R048,handoff,2026-08-06T15:19:13.290322
O00495,R031,handed_off,2026-08-11T11:58:59.729444
O00496,R028,ready,2026-08-04T15:13:12.709125
O00497,R032,preparing,2026-08-13T20:31:53.614453
O00498,R033,delayed,2026-08-16T19:21:54.646696
O00499,R002,handoff,2026-08-26T21:37:02.441452
O00500,R056,handed_off,2026-08-07T20:35:07.662397
O00501,R033,ready,2026-08-22T20:02:24.991506
O00502,R051,preparing,2026-08-21T21:00:17.555642
O00503,R020,delayed,2026-08-25T19:40:06.518413
O00504,R039,handoff,2026-08-20T20:15:47.238817
O00505,R012,handed_off,2026-08-20T17:04:35.581676
O00506,R013,ready,2026-08-08T19:27:30.312766
O00507,R050,preparing,2026-08-17T20:51:18.973164
O00508,R033,delayed,2026-08-10T22:07:24.611482
O00509,R030,handoff,2026-08-02T13:08:46.364440
O00510,R029,handed_off,2026-08-26T19:49:57.992323
O00511,R038,ready,2026-08-09T19:49:39.457940
O00512,R012,preparing,2026-08-27T19:42:59.110922
O00513,R024,delayed,2026-08-06T12:42:16.032656
O00514,R053,handoff,2026-08-10T12:28:41.364381
O00515,R025,handed_off,2026-08-02T14:24:46.710718
O00516,R011,ready,2026-08-14T23:02:35.856083
O00517,R035,preparing,2026-08-20T15:51:52.677476
O00518,R041,delayed,2026-08-13T23:16:58.139851
O00519,R011,handoff,2026-08-25T18:02:51.099458
O00520,R050,handed_off,2026-08-09T12:28:11.608672
O00521,R026,ready,2026-08-27T15:15:13.980566
O00522,R027,preparing,2026-08-16T20:42:48.526265
O00523,R056,delayed,2026-08-23T19:18:41.930569
O00524,R042,handoff,2026-08-12T23:17:29.102072
O00525,R022,handed_off,2026-08-10T23:36:35.282202
O00526,R006,ready,2026-08-16T15:49:53.581660
O00527,R020,preparing,2026-08-22T22:30:49.639157
O00528,R043,delayed,2026-08-17T00:09:38.263244
O00529,R041,handoff,2026-08-01T20:31:07.771825
O00530,R010,handed_off,2026-08-16T12:53:47.645194
O00531,R026,ready,2026-08-06T14:36:27.840160
O00532,R043,preparing,2026-08-14T11:48:31.657150
O00533,R040,delayed,2026-08-14T16:54:12.401763
O00534,R051,handoff,2026-08-28T14:09:37.407434
O00535,R046,handed_off,2026-08-04T12:52:53.051296
O00536,R044,ready,2026-08-14T19:02:34.766424
O00537,R041,preparing,2026-08-17T21:02:09.136903
O00538,R047,delayed,2026-08-13T19:17:31.965439
O00539,R044,handoff,2026-08-06T15:56:38.611073
O00540,R058,handed_off,2026-08-21T00:26:59.461859
O00541,R057,ready,2026-08-09T13:26:17.843451
O00542,R036,preparing,2026-08-19T20:16:27.829813
O00543,R008,delayed,2026-08-21T16:56:49.876920
O00544,R023,handoff,2026-08-13T18:06:30.152236
O00545,R014,handed_off,2026-08-24T21:29:08.261553
O00546,R054,ready,2026-08-10T13:54:45.308038
O00547,R022,preparing,2026-08-08T13:20:18.723239
O00548,R024,delayed,2026-08-04T16:23:01.438598
O00549,R010,handoff,2026-08-27T00:36:05.718153
O00550,R043,handed_off,2026-08-26T23:54:58.205426
O00551,R031,ready,2026-08-28T12:50:35.806491
O00552,R027,preparing,2026-08-23T14:39:11.507940
O00553,R025,delayed,2026-08-14T13:37:54.652815
O00554,R057,handoff,2026-08-06T18:36:45.229545
O00555,R031,handed_off,2026-08-24T15:23:04.550171
O00556,R003,ready,2026-08-04T13:14:26.283813
O00557,R029,preparing,2026-08-19T19:36:10.589133
O00558,R054,delayed,2026-08-24T19:15:29.919368
O00559,R033,handoff,2026-08-23T15:16:18.973648
O00560,R005,handed_off,2026-08-14T12:26:44.946851
O00561,R040,ready,2026-08-18T22:57:50.563270
O00562,R014,preparing,2026-08-05T23:37:51.717309
O00563,R014,delayed,2026-08-21T14:07:03.411847
O00564,R060,handoff,2026-08-18T22:51:49.911829
O00565,R023,handed_off,2026-08-07T16:50:28.733138
O00566,R015,ready,2026-08-10T21:51:51.681136
O00567,R019,preparing,2026-08-23T21:16:27.434456
O00568,R050,delayed,2026-08-11T13:34:23.122966
O00569,R021,handoff,2026-08-13T15:10:14.823896
O00570,R034,handed_off,2026-08-23T19:17:55.178669
O00571,R038,ready,2026-08-10T22:29:50.893028
O00572,R004,preparing,2026-08-16T21:26:46.237967
O00573,R019,delayed,2026-08-07T15:16:40.652836
O00574,R045,handoff,2026-08-10T23:15:50.139209
O00575,R059,handed_off,2026-08-26T23:24:18.059041
O00576,R033,ready,2026-08-27T21:44:40.753343
O00577,R007,preparing,2026-08-24T14:05:11.775971
O00578,R004,delayed,2026-08-21T12:15:04.509196
O00579,R013,handoff,2026-08-14T13:23:08.500404
O00580,R059,handed_off,2026-08-12T19:23:58.918143
O00581,R023,ready,2026-08-24T19:54:35.329796
O00582,R001,preparing,2026-08-13T13:32:56.484126
O00583,R004,delayed,2026-08-19T21:30:59.304380
O00584,R014,handoff,2026-08-26T13:56:32.154029
O00585,R042,handed_off,2026-08-17T15:21:52.598199
O00586,R044,ready,2026-08-09T17:57:28.275819
O00587,R041,preparing,2026-08-15T18:03:22.841664
O00588,R060,delayed,2026-08-16T20:25:23.902976
O00589,R008,handoff,2026-08-11T22:18:15.837370
O00590,R034,handed_off,2026-08-03T16:22:52.442083
O00591,R060,ready,2026-08-17T00:12:40.686745
O00592,R024,preparing,2026-08-01T20:20:57.820186
O00593,R017,delayed,2026-08-12T18:15:43.163694
O00594,R036,handoff,2026-08-15T13:51:04.239079
O00595,R034,handed_off,2026-08-24T22:52:45.638022
O00596,R001,ready,2026-08-08T12:57:11.137044
O00597,R030,preparing,2026-08-20T16:51:17.123891
O00598,R047,delayed,2026-08-01T20:37:44.371823
O00599,R051,handoff,2026-08-23T00:55:58.581095
O00600,R023,handed_off,2026-08-10T21:01:20.912298
O00601,R027,ready,2026-08-24T19:53:01.197751
O00602,R047,preparing,2026-08-13T19:47:30.938345
O00603,R011,delayed,2026-08-15T20:11:44.328039
O00604,R011,handoff,2026-08-05T18:03:04.110704
O00605,R004,handed_off,2026-08-12T16:44:11.137214
O00606,R037,ready,2026-08-18T14:52:19.635774
O00607,R058,preparing,2026-08-15T18:43:45.520284
O00608,R050,delayed,2026-08-15T21:42:49.772473
O00609,R008,handoff,2026-08-17T20:51:18.717350
O00610,R043,handed_off,2026-08-07T13:00:35.515707
O00611,R054,ready,2026-08-06T21:48:48.517351
O00612,R012,preparing,2026-08-16T19:15:26.129406
O00613,R023,delayed,2026-08-01T19:57:12.737815
O00614,R026,handoff,2026-08-12T22:52:55.920763
O00615,R043,handed_off,2026-08-16T19:46:30.038637
O00616,R046,ready,2026-08-16T23:00:59.821465
O00617,R010,preparing,2026-08-15T21:14:55.266650
O00618,R047,delayed,2026-08-26T20:45:48.690392
O00619,R017,handoff,2026-08-24T20:24:36.138955
O00620,R052,handed_off,2026-08-16T15:31:59.946835
O00621,R031,ready,2026-08-17T23:29:28.581700
O00622,R024,preparing,2026-08-24T17:57:12.927821
O00623,R024,delayed,2026-08-21T00:08:47.444167
O00624,R035,handoff,2026-08-26T14:31:18.995546
O00625,R023,handed_off,2026-08-12T17:43:16.673297
O00626,R034,ready,2026-08-02T12:43:04.554678
O00627,R011,preparing,2026-08-18T15:28:54.062957
O00628,R008,delayed,2026-08-17T13:02:15.760533
O00629,R010,handoff,2026-08-03T00:37:00.984679
O00630,R055,handed_off,2026-08-06T20:27:47.152895
O00631,R060,ready,2026-08-27T23:45:15.176903
O00632,R041,preparing,2026-08-14T19:24:39.719478
O00633,R049,delayed,2026-08-13T12:08:35.636729
O00634,R040,handoff,2026-08-03T00:23:08.961174
O00635,R015,handed_off,2026-08-21T14:59:36.863523
O00636,R050,ready,2026-08-12T19:13:59.442647
O00637,R021,preparing,2026-08-14T21:51:44.116024
O00638,R006,delayed,2026-08-04T20:22:49.024602
O00639,R050,handoff,2026-08-03T23:41:48.091672
O00640,R058,handed_off,2026-08-26T20:52:42.681940
O00641,R038,ready,2026-08-20T15:26:00.615247
O00642,R035,preparing,2026-08-05T19:25:53.634793
O00643,R003,delayed,2026-08-06T23:43:45.442877
O00644,R047,handoff,2026-08-24T23:15:09.040092
O00645,R026,handed_off,2026-08-21T19:17:22.771778
O00646,R011,ready,2026-08-24T15:31:56.101248
O00647,R026,preparing,2026-08-08T19:54:16.791586
O00648,R004,delayed,2026-08-19T18:19:51.630248
O00649,R031,handoff,2026-08-24T20:04:36.956736
O00650,R032,handed_off,2026-08-17T17:29:13.690684
O00651,R046,ready,2026-08-05T15:33:25.910520
O00652,R018,preparing,2026-08-17T19:48:54.444886
O00653,R027,delayed,2026-08-10T18:23:28.179613
O00654,R046,handoff,2026-08-28T20:34:31.841459
O00655,R036,handed_off,2026-08-14T15:37:10.315476
O00656,R008,ready,2026-08-23T17:13:40.409195
O00657,R007,preparing,2026-08-14T15:31:40.004540
O00658,R027,delayed,2026-08-24T13:48:36.238801
O00659,R025,handoff,2026-08-27T20:14:02.553680
O00660,R049,handed_off,2026-08-18T19:16:39.443772
O00661,R040,ready,2026-08-10T17:14:12.204981
O00662,R012,preparing,2026-08-14T16:41:39.162031
O00663,R025,delayed,2026-08-18T22:21:33.073355
O00664,R025,handoff,2026-08-06T20:07:10.277990
O00665,R040,handed_off,2026-08-26T20:27:19.094743
O00666,R027,ready,2026-08-10T20:15:07.056130
O00667,R017,preparing,2026-08-27T23:07:25.279535
O00668,R030,delayed,2026-08-09T18:57:50.942260
O00669,R021,handoff,2026-08-03T23:29:11.782784
O00670,R010,handed_off,2026-08-13T20:23:23.286197
O00671,R004,ready,2026-08-14T20:05:22.737086
O00672,R053,preparing,2026-08-12T19:09:20.432321
O00673,R025,delayed,2026-08-27T12:14:48.488818
O00674,R003,handoff,2026-08-23T21:14:34.646676
O00675,R012,handed_off,2026-08-22T21:44:54.197606
O00676,R040,ready,2026-08-17T13:59:56.243355
O00677,R052,preparing,2026-08-15T13:28:20.351496
O00678,R017,delayed,2026-08-28T14:41:34.657910
O00679,R007,handoff,2026-08-09T13:08:29.036565
O00680,R054,handed_off,2026-08-22T23:29:09.376993
O00681,R011,ready,2026-08-21T14:03:46.665969
O00682,R011,preparing,2026-08-11T20:09:29.401030
O00683,R003,delayed,2026-08-10T12:48:15.329628
O00684,R002,handoff,2026-08-23T23:17:16.388994
O00685,R052,handed_off,2026-08-10T12:57:13.935651
O00686,R003,ready,2026-08-25T23:17:31.990446
O00687,R023,preparing,2026-08-20T13:44:27.207494
O00688,R057,delayed,2026-08-11T17:50:27.340829
O00689,R031,handoff,2026-08-06T14:28:48.303196
O00690,R041,handed_off,2026-08-16T20:12:41.707133
O00691,R005,ready,2026-08-14T19:23:37.857673
O00692,R050,preparing,2026-08-22T18:22:32.417163
O00693,R060,delayed,2026-08-18T13:35:58.692694
O00694,R042,handoff,2026-08-04T18:41:50.774006
O00695,R023,handed_off,2026-08-24T20:57:31.035411
O00696,R058,ready,2026-08-25T23:22:15.228122
O00697,R049,preparing,2026-08-09T19:20:45.697428
O00698,R005,delayed,2026-08-11T18:07:34.552606
O00699,R022,handoff,2026-08-25T17:09:22.952223
O00700,R020,handed_off,2026-08-04T12:49:55.247931
O00701,R042,ready,2026-08-12T20:40:35.033457
O00702,R045,preparing,2026-08-10T12:38:36.564459
O00703,R044,delayed,2026-08-20T18:52:23.014769
O00704,R007,handoff,2026-08-21T18:22:09.637684
O00705,R051,handed_off,2026-08-22T20:13:59.282527
O00706,R035,ready,2026-08-22T18:50:39.429252
O00707,R007,preparing,2026-08-27T20:56:21.869699
O00708,R034,delayed,2026-08-22T18:51:41.034742
O00709,R025,handoff,2026-08-19T15:28:15.044873
O00710,R024,handed_off,2026-08-23T14:29:38.892885
O00711,R055,ready,2026-08-17T16:52:33.445791
O00712,R053,preparing,2026-08-04T20:07:25.449060
O00713,R032,delayed,2026-08-11T18:47:44.673610
O00714,R060,handoff,2026-08-23T19:52:28.589612
O00715,R040,handed_off,2026-08-04T20:00:49.890100
O00716,R010,ready,2026-08-04T21:15:28.613577
O00717,R034,preparing,2026-08-21T17:45:08.715359
O00718,R050,delayed,2026-08-25T18:05:47.477896
O00719,R027,handoff,2026-08-20T15:36:09.657647
O00720,R017,handed_off,2026-08-10T18:20:04.369516
O00721,R045,ready,2026-08-23T15:11:55.328935
O00722,R026,preparing,2026-08-24T19:18:36.789006
O00723,R028,delayed,2026-08-05T21:26:24.433874
O00724,R054,handoff,2026-08-10T19:42:49.217409
O00725,R041,handed_off,2026-08-11T15:29:02.616646
O00726,R004,ready,2026-08-01T19:03:08.770732
O00727,R020,preparing,2026-08-28T22:20:15.880817
O00728,R024,delayed,2026-08-11T19:47:46.086787
O00729,R031,handoff,2026-08-01T15:15:39.635948
O00730,R036,handed_off,2026-08-04T12:59:16.743951
O00731,R045,ready,2026-08-15T13:33:15.545692
O00732,R011,preparing,2026-08-19T21:04:56.295221
O00733,R036,delayed,2026-08-13T20:54:40.118744
O00734,R013,handoff,2026-08-16T12:13:43.924278
O00735,R041,handed_off,2026-08-23T18:30:21.490271
O00736,R032,ready,2026-08-04T20:47:47.264567
O00737,R027,preparing,2026-08-20T21:31:02.973657
O00738,R009,delayed,2026-08-09T14:48:18.417236
O00739,R025,handoff,2026-08-13T17:43:24.270820
O00740,R011,handed_off,2026-08-24T22:47:21.986158
O00741,R043,ready,2026-08-28T21:31:14.607969
O00742,R024,preparing,2026-08-18T19:04:29.352281
O00743,R018,delayed,2026-08-05T22:16:13.132804
O00744,R040,handoff,2026-08-17T20:25:49.390972
O00745,R006,handed_off,2026-08-25T19:48:54.233320
O00746,R025,ready,2026-08-22T17:40:04.876510
O00747,R007,preparing,2026-08-27T18:06:26.787252
O00748,R017,delayed,2026-08-04T21:07:00.296795
O00749,R056,handoff,2026-08-04T20:07:04.551110
O00750,R037,handed_off,2026-08-09T22:17:39.329555
O00751,R005,ready,2026-08-25T21:15:45.757355
O00752,R029,preparing,2026-08-19T21:04:39.450503
O00753,R013,delayed,2026-08-04T17:09:45.052178
O00754,R040,handoff,2026-08-22T16:02:36.138036
O00755,R004,handed_off,2026-08-24T21:25:46.000931
O00756,R037,ready,2026-08-11T12:22:34.061733
O00757,R020,preparing,2026-08-22T17:40:33.242540
O00758,R014,delayed,2026-08-27T12:19:01.285443
O00759,R022,handoff,2026-08-14T19:12:18.936750
O00760,R029,handed_off,2026-08-08T16:47:22.357902
O00761,R029,ready,2026-08-23T20:18:58.706677
O00762,R055,preparing,2026-08-12T19:47:33.570541
O00763,R001,delayed,2026-08-18T20:12:02.188572
O00764,R020,handoff,2026-08-04T20:59:04.317338
O00765,R002,handed_off,2026-08-04T17:14:50.239618
O00766,R060,ready,2026-08-06T15:59:54.319759
O00767,R005,preparing,2026-08-17T12:15:57.438230
O00768,R050,delayed,2026-08-05T20:29:12.154057
O00769,R036,handoff,2026-08-10T13:07:04.868032
O00770,R003,handed_off,2026-08-05T16:47:32.593766
O00771,R006,ready,2026-08-17T19:22:00.404681
O00772,R044,preparing,2026-08-10T19:25:17.253555
O00773,R014,delayed,2026-08-19T21:16:40.931381
O00774,R028,handoff,2026-08-07T13:11:26.356018
O00775,R049,handed_off,2026-08-08T21:00:50.918485
O00776,R057,ready,2026-08-21T21:09:32.880478
O00777,R030,preparing,2026-08-04T16:25:51.550886
O00778,R059,delayed,2026-08-27T21:55:21.947918
O00779,R048,handoff,2026-08-15T21:22:04.194043
O00780,R036,handed_off,2026-08-21T13:40:30.269415
O00781,R019,ready,2026-08-22T13:16:17.309762
O00782,R053,preparing,2026-08-25T19:39:41.016480
O00783,R053,delayed,2026-08-21T19:36:11.099307
O00784,R027,handoff,2026-08-05T11:57:07.308343
O00785,R015,handed_off,2026-08-13T14:03:53.944491
O00786,R052,ready,2026-08-15T17:46:00.215629
O00787,R025,preparing,2026-08-22T19:14:05.680015
O00788,R004,delayed,2026-08-03T12:42:34.129996
O00789,R037,handoff,2026-08-19T23:21:17.016511
O00790,R013,handed_off,2026-08-09T00:57:30.735137
O00791,R052,ready,2026-08-22T19:56:19.971964
O00792,R007,preparing,2026-08-26T13:29:33.252962
O00793,R060,delayed,2026-08-02T20:33:01.009030
O00794,R012,handoff,2026-08-13T15:11:35.288797
O00795,R021,handed_off,2026-08-10T16:36:21.368073
O00796,R031,ready,2026-08-25T12:36:20.492725
O00797,R020,preparing,2026-08-08T00:02:18.076888
O00798,R027,delayed,2026-08-20T20:26:42.086028
O00799,R031,handoff,2026-08-09T14:38:15.409140
O00800,R008,handed_off,2026-08-27T18:07:16.151633
O00801,R058,ready,2026-08-03T17:57:13.097305
O00802,R048,preparing,2026-08-08T19:47:11.015379
O00803,R046,delayed,2026-08-28T14:33:12.321913
O00804,R057,handoff,2026-08-11T15:38:57.746943
O00805,R057,handed_off,2026-08-04T13:02:56.674996
O00806,R023,ready,2026-08-10T17:49:37.378173
O00807,R056,preparing,2026-08-16T21:07:49.509629
O00808,R032,delayed,2026-08-01T17:58:46.475284
O00809,R002,handoff,2026-08-02T18:47:19.683728
O00810,R013,handed_off,2026-08-20T19:59:08.541100
O00811,R018,ready,2026-08-25T18:27:59.204959
O00812,R023,preparing,2026-08-05T16:45:11.638441
O00813,R034,delayed,2026-08-25T19:44:50.488199
O00814,R008,handoff,2026-08-03T19:12:11.960955
O00815,R032,handed_off,2026-08-08T15:32:27.174449
O00816,R053,ready,2026-08-22T18:39:50.470523
O00817,R030,preparing,2026-08-06T17:27:57.435562
O00818,R053,delayed,2026-08-10T18:51:38.754949
O00819,R054,handoff,2026-08-12T19:30:26.076991
O00820,R031,handed_off,2026-08-16T00:23:02.680034
O00821,R006,ready,2026-08-28T11:56:22.514193
O00822,R010,preparing,2026-08-04T17:00:51.674399
O00823,R001,delayed,2026-08-23T19:20:11.020615
O00824,R035,handoff,2026-08-04T00:44:10.147447
O00825,R021,handed_off,2026-08-08T20:38:01.314180
O00826,R025,ready,2026-08-12T19:36:05.730714
O00827,R005,preparing,2026-08-16T20:23:42.257515
O00828,R038,delayed,2026-08-18T21:02:35.468933
O00829,R049,handoff,2026-08-09T23:14:02.775964
O00830,R020,handed_off,2026-08-25T23:46:59.284984
O00831,R019,ready,2026-08-25T18:30:36.740531
O00832,R017,preparing,2026-08-06T21:19:33.192800
O00833,R045,delayed,2026-08-20T20:36:29.247161
O00834,R016,handoff,2026-08-16T20:59:04.339337
O00835,R013,handed_off,2026-08-14T13:30:36.217118
O00836,R029,ready,2026-08-17T20:10:15.440913
O00837,R033,preparing,2026-08-21T23:43:19.230016
O00838,R030,delayed,2026-08-01T19:10:43.156359
O00839,R004,handoff,2026-08-18T00:02:27.259821
O00840,R009,handed_off,2026-08-07T14:07:14.230851
O00841,R031,ready,2026-08-19T18:47:04.381848
O00842,R042,preparing,2026-08-26T13:38:00.981231
O00843,R036,delayed,2026-08-02T22:30:43.603646
O00844,R013,handoff,2026-08-25T13:27:47.011384
O00845,R006,handed_off,2026-08-16T19:13:30.208177
O00846,R042,ready,2026-08-18T19:24:29.753529
O00847,R013,preparing,2026-08-17T20:08:15.416585
O00848,R001,delayed,2026-08-17T14:35:18.117199
O00849,R024,handoff,2026-08-20T13:05:21.256784
O00850,R028,handed_off,2026-08-16T19:15:30.654506
O00851,R015,ready,2026-08-07T12:32:42.201732
O00852,R043,preparing,2026-08-08T15:13:44.206558
O00853,R005,delayed,2026-08-04T12:16:53.817080
O00854,R018,handoff,2026-08-22T19:41:11.908823
O00855,R016,handed_off,2026-08-23T16:47:22.864159
O00856,R048,ready,2026-08-03T18:56:04.921679
O00857,R053,preparing,2026-08-23T19:04:20.041957
O00858,R046,delayed,2026-08-02T19:29:59.566241
O00859,R017,handoff,2026-08-09T20:51:21.873701
O00860,R014,handed_off,2026-08-17T22:09:14.347813
O00861,R022,ready,2026-08-04T00:04:57.627446
O00862,R025,preparing,2026-08-09T19:48:31.622000
O00863,R032,delayed,2026-08-25T20:09:44.852623
O00864,R018,handoff,2026-08-15T14:07:13.485953
O00865,R010,handed_off,2026-08-28T21:23:41.788656
O00866,R029,ready,2026-08-11T20:53:42.202426
O00867,R047,preparing,2026-08-24T18:38:22.899075
O00868,R021,delayed,2026-08-02T11:38:19.405504
O00869,R033,handoff,2026-08-09T21:31:55.116533
O00870,R044,handed_off,2026-08-27T21:25:06.874847
O00871,R024,ready,2026-08-17T17:25:26.061448
O00872,R056,preparing,2026-08-18T19:23:50.599690
O00873,R060,delayed,2026-08-05T17:49:52.733979
O00874,R018,handoff,2026-08-06T23:31:50.915352
O00875,R060,handed_off,2026-08-11T00:32:33.888524
O00876,R007,ready,2026-08-27T23:44:04.179160
O00877,R005,preparing,2026-08-20T14:47:07.350378
O00878,R043,delayed,2026-08-07T15:56:13.445935
O00879,R049,handoff,2026-08-21T20:21:28.445315
O00880,R060,handed_off,2026-08-09T18:29:45.666363
O00881,R009,ready,2026-08-14T13:46:05.025079
O00882,R009,preparing,2026-08-26T20:01:56.185161
O00883,R046,delayed,2026-08-16T00:30:31.753897
O00884,R011,handoff,2026-08-19T15:19:46.243018
O00885,R044,handed_off,2026-08-18T21:22:29.589466
O00886,R002,ready,2026-08-28T15:14:29.214162
O00887,R048,preparing,2026-08-10T20:26:40.676427
O00888,R056,delayed,2026-08-08T13:53:59.428158
O00889,R007,handoff,2026-08-13T21:01:29.200377
O00890,R038,handed_off,2026-08-25T19:24:59.209476
O00891,R049,ready,2026-08-22T23:23:51.902718
O00892,R025,preparing,2026-08-21T18:40:09.674686
O00893,R051,delayed,2026-08-08T18:00:55.003435
O00894,R047,handoff,2026-08-14T12:09:29.819041
O00895,R043,handed_off,2026-08-03T15:05:13.162687
O00896,R013,ready,2026-08-14T13:41:49.285212
O00897,R055,preparing,2026-08-18T22:04:03.529951
O00898,R037,delayed,2026-08-09T19:47:21.344760
O00899,R044,handoff,2026-08-14T16:38:00.914580
O00900,R039,handed_off,2026-08-24T12:03:34.205756
O00901,R015,ready,2026-08-28T18:00:39.325212
O00902,R012,preparing,2026-08-09T12:01:35.047998
O00903,R044,delayed,2026-08-03T20:02:14.447217
O00904,R057,handoff,2026-08-09T00:35:31.303143
O00905,R049,handed_off,2026-08-04T16:05:07.415195
O00906,R050,ready,2026-08-25T20:28:26.805752
O00907,R015,preparing,2026-08-20T13:47:36.707624
O00908,R035,delayed,2026-08-14T21:51:31.034393
O00909,R026,handoff,2026-08-19T18:26:51.008216
O00910,R057,handed_off,2026-08-27T19:14:49.058441
O00911,R053,ready,2026-08-01T20:04:50.578659
O00912,R004,preparing,2026-08-21T22:10:19.043090
O00913,R035,delayed,2026-08-08T19:30:54.262575
O00914,R019,handoff,2026-08-07T23:00:43.990541
O00915,R049,handed_off,2026-08-04T20:38:51.211454
O00916,R037,ready,2026-08-02T19:31:27.622241
O00917,R044,preparing,2026-08-17T14:07:59.936796
O00918,R046,delayed,2026-08-23T12:18:59.039467
O00919,R039,handoff,2026-08-21T18:38:18.974724
O00920,R011,handed_off,2026-08-18T19:32:57.935930
O00921,R046,ready,2026-08-09T22:15:37.235222
O00922,R002,preparing,2026-08-10T21:57:33.528774
O00923,R038,delayed,2026-08-28T23:02:00.325850
O00924,R026,handoff,2026-08-08T19:27:29.498545
O00925,R057,handed_off,2026-08-10T17:45:22.871461
O00926,R054,ready,2026-08-21T17:47:31.861459
O00927,R046,preparing,2026-08-01T20:06:28.070556
O00928,R019,delayed,2026-08-17T19:39:58.392322
O00929,R051,handoff,2026-08-07T22:43:13.383789
O00930,R022,handed_off,2026-08-15T19:56:31.818799
O00931,R030,ready,2026-08-03T23:41:00.013146
O00932,R021,preparing,2026-08-27T12:44:36.015414
O00933,R051,delayed,2026-08-20T13:39:01.418201
O00934,R027,handoff,2026-08-21T21:22:24.075543
O00935,R060,handed_off,2026-08-03T16:22:25.208803
O00936,R055,ready,2026-08-25T21:20:30.754239
O00937,R050,preparing,2026-08-28T23:59:28.597113
O00938,R055,delayed,2026-08-11T18:23:40.657672
O00939,R032,handoff,2026-08-18T12:18:21.023050
O00940,R052,handed_off,2026-08-02T13:14:06.026978
O00941,R060,ready,2026-08-09T20:05:57.976221
O00942,R010,preparing,2026-08-21T22:58:27.910246
O00943,R050,delayed,2026-08-08T16:58:07.654140
O00944,R030,handoff,2026-08-10T19:33:29.909754
O00945,R019,handed_off,2026-08-27T12:35:10.185039
O00946,R002,ready,2026-08-18T18:12:28.298049
O00947,R001,preparing,2026-08-07T21:29:35.484502
O00948,R043,delayed,2026-08-20T19:18:54.640680
O00949,R008,handoff,2026-08-17T12:01:10.130664
O00950,R004,handed_off,2026-08-09T12:09:55.702225
O00951,R053,ready,2026-08-28T19:12:47.707494
O00952,R058,preparing,2026-08-05T23:07:48.127969
O00953,R022,delayed,2026-08-13T13:16:45.454139
O00954,R016,handoff,2026-08-10T16:03:08.608842
O00955,R037,handed_off,2026-08-09T22:29:41.487359
O00956,R037,ready,2026-08-19T19:08:16.480735
O00957,R047,preparing,2026-08-04T22:05:53.793723
O00958,R015,delayed,2026-08-28T23:02:02.814286
O00959,R029,handoff,2026-08-18T14:44:23.912701
O00960,R025,handed_off,2026-08-19T14:18:20.955898
O00961,R056,ready,2026-08-28T11:39:03.842723
O00962,R038,preparing,2026-08-11T22:13:34.809144
O00963,R043,delayed,2026-08-16T14:16:27.159039
O00964,R005,handoff,2026-08-23T22:16:25.977426
O00965,R058,handed_off,2026-08-23T15:37:04.906157
O00966,R010,ready,2026-08-06T21:04:29.958553
O00967,R051,preparing,2026-08-19T22:32:22.741115
O00968,R010,delayed,2026-08-11T21:44:29.088234
O00969,R031,handoff,2026-08-23T18:13:35.700747
O00970,R053,handed_off,2026-08-22T23:01:35.144310
O00971,R028,ready,2026-08-13T19:40:17.988763
O00972,R051,preparing,2026-08-11T12:50:41.398634
O00973,R057,delayed,2026-08-04T20:06:41.203903
O00974,R052,handoff,2026-08-25T17:23:34.416125
O00975,R034,handed_off,2026-08-21T18:08:45.440257
O00976,R038,ready,2026-08-14T23:56:00.741035
O00977,R051,preparing,2026-08-27T13:30:02.367831
O00978,R027,delayed,2026-08-23T19:11:16.666830
O00979,R050,handoff,2026-08-24T20:31:15.029397
O00980,R028,handed_off,2026-08-27T20:57:37.484111
O00981,R052,ready,2026-08-22T19:48:59.443622
O00982,R027,preparing,2026-08-17T21:45:57.297300
O00983,R008,delayed,2026-08-15T20:00:59.785734
O00984,R014,handoff,2026-08-07T22:00:57.617823
O00985,R037,handed_off,2026-08-26T20:35:16.354201
O00986,R008,ready,2026-08-26T23:01:19.971787
O00987,R050,preparing,2026-08-17T23:11:17.480757
O00988,R023,delayed,2026-08-04T14:11:58.569651
O00989,R023,handoff,2026-08-24T21:31:12.264571
O00990,R011,handed_off,2026-08-19T22:17:40.052569
O00991,R033,ready,2026-08-19T21:41:06.123295
O00992,R053,preparing,2026-08-04T14:12:06.832195
O00993,R051,delayed,2026-08-04T14:15:01.506150
O00994,R060,handoff,2026-08-11T14:52:48.872255
O00995,R020,handed_off,2026-08-22T19:05:31.333726
O00996,R011,ready,2026-08-26T21:39:43.236508
O00997,R036,preparing,2026-08-14T23:14:13.425045
O00998,R030,delayed,2026-08-16T15:39:29.566377
O00999,R039,handoff,2026-08-28T14:34:04.408734
O01000,R044,handed_off,2026-08-26T16:51:53.067514
O01001,R001,ready,2026-08-15T18:05:10.490470
O01002,R051,preparing,2026-08-03T19:15:15.337282
O01003,R048,delayed,2026-08-15T13:16:03.161074
O01004,R002,handoff,2026-08-01T12:06:58.064267
O01005,R027,handed_off,2026-08-27T21:38:28.600392
O01006,R041,ready,2026-08-08T21:49:13.274938
O01007,R035,preparing,2026-08-22T19:49:40.651780
O01008,R019,delayed,2026-08-02T16:33:13.235750
O01009,R047,handoff,2026-08-22T12:47:03.461668
O01010,R025,handed_off,2026-08-06T15:09:36.563806
O01011,R004,ready,2026-08-01T14:37:19.038408
O01012,R022,preparing,2026-08-26T12:59:47.865666
O01013,R033,delayed,2026-08-24T22:02:22.355435
O01014,R009,handoff,2026-08-12T19:29:29.651287
O01015,R013,handed_off,2026-08-22T13:28:57.422525
O01016,R035,ready,2026-08-17T14:35:27.817334
O01017,R045,preparing,2026-08-26T19:58:03.441625
O01018,R027,delayed,2026-08-22T20:04:46.062982
O01019,R009,handoff,2026-08-18T17:09:00.966668
O01020,R028,handed_off,2026-08-08T20:56:26.157514
O01021,R048,ready,2026-08-27T13:24:48.897313
O01022,R052,preparing,2026-08-14T21:37:47.448144
O01023,R039,delayed,2026-08-04T20:07:35.992831
O01024,R041,handoff,2026-08-28T13:42:30.808995
O01025,R019,handed_off,2026-08-18T13:53:50.633539
O01026,R014,ready,2026-08-08T20:12:59.797073
O01027,R020,preparing,2026-08-05T21:30:59.373980
O01028,R004,delayed,2026-08-24T13:52:02.698286
O01029,R044,handoff,2026-08-01T20:40:01.234013
O01030,R047,handed_off,2026-08-16T18:34:45.901175
O01031,R054,ready,2026-08-10T21:17:25.477146
O01032,R057,preparing,2026-08-23T17:14:43.452369
O01033,R017,delayed,2026-08-25T21:15:25.139964
O01034,R040,handoff,2026-08-28T18:52:55.877517
O01035,R049,handed_off,2026-08-12T19:21:43.770435
O01036,R018,ready,2026-08-17T16:35:59.799755
O01037,R059,preparing,2026-08-17T13:45:22.161006
O01038,R006,delayed,2026-08-28T14:36:10.404652
O01039,R009,handoff,2026-08-13T21:00:10.644235
O01040,R003,handed_off,2026-08-01T19:50:04.111763
O01041,R013,ready,2026-08-09T20:33:20.453502
O01042,R017,preparing,2026-08-06T16:19:48.269519
O01043,R008,delayed,2026-08-22T20:57:23.738143
O01044,R018,handoff,2026-08-05T22:53:38.226925
O01045,R024,handed_off,2026-08-28T21:01:51.061534
O01046,R027,ready,2026-08-06T00:19:10.801507
O01047,R030,preparing,2026-08-01T13:58:22.467159
O01048,R012,delayed,2026-08-10T14:07:15.845565
O01049,R002,handoff,2026-08-26T21:46:10.457870
O01050,R058,handed_off,2026-08-25T17:49:55.825280
O01051,R028,ready,2026-08-22T18:04:36.979266
O01052,R002,preparing,2026-08-04T18:34:07.975887
O01053,R049,delayed,2026-08-19T19:24:48.952065
O01054,R051,handoff,2026-08-12T19:11:48.391798
O01055,R013,handed_off,2026-08-28T12:58:49.454606
O01056,R052,ready,2026-08-06T21:00:40.721599
O01057,R023,preparing,2026-08-17T19:59:29.256017
O01058,R013,delayed,2026-08-14T21:09:56.238771
O01059,R042,handoff,2026-08-03T19:59:49.432794
O01060,R011,handed_off,2026-08-26T15:47:30.003991
O01061,R012,ready,2026-08-01T18:44:39.272030
O01062,R042,preparing,2026-08-03T20:52:19.576405
O01063,R017,delayed,2026-08-27T23:49:01.428913
O01064,R052,handoff,2026-08-09T16:21:36.803271
O01065,R022,handed_off,2026-08-03T12:22:55.531640
O01066,R027,ready,2026-08-28T23:16:17.751062
O01067,R031,preparing,2026-08-19T19:44:53.807457
O01068,R014,delayed,2026-08-16T00:20:51.520837
O01069,R034,handoff,2026-08-11T22:49:00.157200
O01070,R020,handed_off,2026-08-13T13:19:38.794160
O01071,R041,ready,2026-08-23T23:32:46.336494
O01072,R046,preparing,2026-08-28T20:52:07.632394
O01073,R023,delayed,2026-08-07T22:10:33.973664
O01074,R018,handoff,2026-08-07T20:35:58.299600
O01075,R025,handed_off,2026-08-11T22:25:22.698105
O01076,R045,ready,2026-08-21T12:33:11.547543
O01077,R006,preparing,2026-08-19T22:05:29.077835
O01078,R029,delayed,2026-08-25T21:55:37.168537
O01079,R018,handoff,2026-08-11T17:01:14.005923
O01080,R054,handed_off,2026-08-24T21:37:24.141759
O01081,R048,ready,2026-08-13T18:24:53.467196
O01082,R029,preparing,2026-08-14T17:00:03.014118
O01083,R011,delayed,2026-08-01T20:00:51.710400
O01084,R046,handoff,2026-08-06T13:30:08.740959
O01085,R026,handed_off,2026-08-12T17:13:50.642234
O01086,R046,ready,2026-08-25T17:52:39.714023
O01087,R017,preparing,2026-08-02T20:28:35.387861
O01088,R023,delayed,2026-08-09T20:46:55.454727
O01089,R013,handoff,2026-08-21T15:05:47.904764
O01090,R016,handed_off,2026-08-03T18:45:57.364603
O01091,R021,ready,2026-08-05T21:43:27.791472
O01092,R042,preparing,2026-08-24T23:18:37.890573
O01093,R042,delayed,2026-08-04T17:11:20.937945
O01094,R010,handoff,2026-08-05T13:16:31.521741
O01095,R003,handed_off,2026-08-10T19:55:12.854236
O01096,R046,ready,2026-08-11T15:41:35.666845
O01097,R039,preparing,2026-08-24T20:12:50.018799
O01098,R057,delayed,2026-08-10T22:54:17.608398
O01099,R045,handoff,2026-08-22T19:21:31.425369
O01100,R012,handed_off,2026-08-21T16:48:29.990808
O01101,R054,ready,2026-08-05T13:18:00.960850
O01102,R021,preparing,2026-08-12T20:03:48.324377
O01103,R014,delayed,2026-08-18T20:15:52.262120
O01104,R015,handoff,2026-08-01T12:33:12.820600
O01105,R016,handed_off,2026-08-22T16:30:18.433048
O01106,R006,ready,2026-08-23T19:45:37.371643
O01107,R040,preparing,2026-08-21T20:46:41.852841
O01108,R035,delayed,2026-08-03T16:54:16.260774
O01109,R046,handoff,2026-08-03T18:36:50.219434
O01110,R024,handed_off,2026-08-24T20:16:05.606077
O01111,R017,ready,2026-08-15T15:42:55.637375
O01112,R026,preparing,2026-08-13T00:22:19.209832
O01113,R018,delayed,2026-08-01T18:52:53.380281
O01114,R014,handoff,2026-08-28T16:19:41.871627
O01115,R053,handed_off,2026-08-25T20:13:10.739433
O01116,R052,ready,2026-08-11T15:33:23.520002
O01117,R052,preparing,2026-08-01T18:45:32.961824
O01118,R024,delayed,2026-08-19T21:07:45.990280
O01119,R028,handoff,2026-08-24T15:28:37.290147
O01120,R031,handed_off,2026-08-19T21:22:45.999078
O01121,R015,ready,2026-08-20T22:12:36.472198
O01122,R052,preparing,2026-08-16T21:53:30.924706
O01123,R014,delayed,2026-08-23T20:03:21.599533
O01124,R008,handoff,2026-08-19T13:43:43.575405
O01125,R043,handed_off,2026-08-18T18:54:45.717901
O01126,R055,ready,2026-08-02T16:05:04.788481
O01127,R050,preparing,2026-08-21T19:27:43.718866
O01128,R018,delayed,2026-08-14T20:29:44.625062
O01129,R012,handoff,2026-08-11T21:22:40.697706
O01130,R015,handed_off,2026-08-28T16:00:28.220909
O01131,R006,ready,2026-08-05T20:04:49.381338
O01132,R010,preparing,2026-08-19T19:03:20.242900
O01133,R029,delayed,2026-08-10T16:27:41.060583
O01134,R038,handoff,2026-08-11T22:41:21.024596
O01135,R015,handed_off,2026-08-23T18:12:40.919361
O01136,R021,ready,2026-08-24T14:46:59.247255
O01137,R060,preparing,2026-08-27T12:25:03.255612
O01138,R009,delayed,2026-08-15T22:15:54.490103
O01139,R039,handoff,2026-08-14T18:11:00.508357
O01140,R035,handed_off,2026-08-20T00:16:28.449869
O01141,R014,ready,2026-08-16T20:05:38.164704
O01142,R041,preparing,2026-08-26T13:48:19.978315
O01143,R056,delayed,2026-08-02T21:36:24.906462
O01144,R055,handoff,2026-08-26T22:58:58.916772
O01145,R035,handed_off,2026-08-02T21:18:14.623348
O01146,R024,ready,2026-08-04T13:47:53.248984
O01147,R004,preparing,2026-08-03T18:51:53.121567
O01148,R036,delayed,2026-08-04T19:04:32.745645
O01149,R020,handoff,2026-08-22T21:33:53.833501
O01150,R014,handed_off,2026-08-17T22:28:09.524131
O01151,R007,ready,2026-08-20T20:45:27.987029
O01152,R026,preparing,2026-08-14T15:22:49.254453
O01153,R024,delayed,2026-08-19T20:59:39.299331
O01154,R031,handoff,2026-08-06T21:16:12.186518
O01155,R025,handed_off,2026-08-25T21:33:42.204184
O01156,R048,ready,2026-08-22T22:54:04.758309
O01157,R025,preparing,2026-08-18T13:05:18.334409
O01158,R023,delayed,2026-08-15T20:09:33.967686
O01159,R003,handoff,2026-08-07T16:59:09.135467
O01160,R003,handed_off,2026-08-17T23:43:32.686871
O01161,R034,ready,2026-08-07T13:30:27.944214
O01162,R026,preparing,2026-08-13T13:52:54.927404
O01163,R023,delayed,2026-08-22T21:49:41.992829
O01164,R017,handoff,2026-08-28T19:59:53.925211
O01165,R041,handed_off,2026-08-04T14:40:55.118402
O01166,R028,ready,2026-08-17T19:11:45.891479
O01167,R050,preparing,2026-08-17T13:34:34.470399
O01168,R023,delayed,2026-08-16T14:28:49.034007
O01169,R058,handoff,2026-08-20T19:33:07.191846
O01170,R008,handed_off,2026-08-05T21:19:27.055004
O01171,R011,ready,2026-08-03T22:52:58.955032
O01172,R001,preparing,2026-08-19T18:58:10.352620
O01173,R023,delayed,2026-08-18T19:50:47.929722
O01174,R051,handoff,2026-08-27T19:05:33.059821
O01175,R019,handed_off,2026-08-24T18:38:17.471811
O01176,R007,ready,2026-08-07T21:44:33.913033
O01177,R022,preparing,2026-08-07T18:21:00.393574
O01178,R057,delayed,2026-08-27T22:55:48.173662
O01179,R012,handoff,2026-08-08T15:24:17.274842
O01180,R004,handed_off,2026-08-28T21:04:37.964792
O01181,R045,ready,2026-08-28T13:27:39.965431
O01182,R005,preparing,2026-08-11T19:04:42.902005
O01183,R004,delayed,2026-08-02T19:45:41.221994
O01184,R008,handoff,2026-08-04T22:41:21.221503
O01185,R049,handed_off,2026-08-04T19:29:13.415878
O01186,R059,ready,2026-08-06T19:30:32.586035
O01187,R042,preparing,2026-08-26T21:22:03.954027
O01188,R020,delayed,2026-08-08T15:32:34.186362
O01189,R004,handoff,2026-08-18T19:55:32.196603
O01190,R016,handed_off,2026-08-24T23:14:37.061154
O01191,R029,ready,2026-08-12T20:45:11.566069
O01192,R031,preparing,2026-08-03T19:37:31.843252
O01193,R037,delayed,2026-08-03T13:54:22.920935
O01194,R060,handoff,2026-08-27T12:34:35.355436
O01195,R028,handed_off,2026-08-07T15:43:19.233165
O01196,R019,ready,2026-08-04T19:33:27.180917
O01197,R034,preparing,2026-08-17T17:49:52.591452
O01198,R042,delayed,2026-08-25T19:06:45.930529
O01199,R060,handoff,2026-08-14T13:32:16.882328
O01200,R049,handed_off,2026-08-13T23:41:46.146230
O01201,R026,ready,2026-08-26T15:36:28.909739
O01202,R010,preparing,2026-08-02T14:14:44.275983
O01203,R048,delayed,2026-08-19T16:54:35.135408
O01204,R054,handoff,2026-08-20T19:25:29.133436
O01205,R010,handed_off,2026-08-18T23:45:42.346574
O01206,R020,ready,2026-08-17T15:15:14.891298
O01207,R045,preparing,2026-08-07T00:37:32.289744
O01208,R019,delayed,2026-08-02T20:14:56.943914
O01209,R059,handoff,2026-08-09T19:19:26.390485
O01210,R037,handed_off,2026-08-26T14:20:10.570596
O01211,R032,ready,2026-08-16T12:34:09.024986
O01212,R058,preparing,2026-08-01T12:40:48.391517
O01213,R038,delayed,2026-08-03T13:07:32.140915
O01214,R049,handoff,2026-08-26T13:07:33.008767
O01215,R004,handed_off,2026-08-26T22:43:23.959819
O01216,R007,ready,2026-08-27T19:37:17.417668
O01217,R028,preparing,2026-08-27T17:36:07.959192
O01218,R053,delayed,2026-08-18T20:21:18.248520
O01219,R052,handoff,2026-08-14T00:45:57.501947
O01220,R053,handed_off,2026-08-20T21:59:57.423914
O01221,R020,ready,2026-08-09T19:22:59.377291
O01222,R023,preparing,2026-08-06T15:46:19.835816
O01223,R030,delayed,2026-08-01T12:56:39.979746
O01224,R037,handoff,2026-08-26T12:27:56.290208
O01225,R017,handed_off,2026-08-24T19:15:17.818120
O01226,R039,ready,2026-08-28T00:09:11.852284
O01227,R050,preparing,2026-08-18T20:20:56.966633
O01228,R036,delayed,2026-08-25T14:48:45.057377
O01229,R059,handoff,2026-08-21T21:28:36.941147
O01230,R023,handed_off,2026-08-17T18:47:23.020447
O01231,R056,ready,2026-08-01T11:44:44.054049
O01232,R023,preparing,2026-08-01T18:06:07.555116
O01233,R012,delayed,2026-08-05T20:10:48.212636
O01234,R002,handoff,2026-08-06T22:18:50.017719
O01235,R032,handed_off,2026-08-28T14:39:54.255957
O01236,R047,ready,2026-08-28T18:52:32.584706
O01237,R033,preparing,2026-08-16T18:41:04.006301
O01238,R030,delayed,2026-08-26T18:59:49.938703
O01239,R040,handoff,2026-08-11T20:55:28.524499
O01240,R059,handed_off,2026-08-23T20:39:47.845913
O01241,R049,ready,2026-08-10T15:22:06.945959
O01242,R041,preparing,2026-08-02T13:47:04.663470
O01243,R024,delayed,2026-08-08T18:52:31.965861
O01244,R014,handoff,2026-08-02T23:06:01.538575
O01245,R045,handed_off,2026-08-05T21:25:45.868244
O01246,R013,ready,2026-08-15T18:44:26.178276
O01247,R055,preparing,2026-08-14T12:49:53.269697
O01248,R040,delayed,2026-08-14T19:20:38.252518
O01249,R016,handoff,2026-08-22T21:39:35.078844
O01250,R002,handed_off,2026-08-22T19:10:25.883231
O01251,R009,ready,2026-08-14T22:30:18.973168
O01252,R033,preparing,2026-08-04T20:25:39.697905
O01253,R017,delayed,2026-08-08T11:34:22.235428
O01254,R039,handoff,2026-08-11T15:30:42.967972
O01255,R049,handed_off,2026-08-25T22:57:48.125753
O01256,R008,ready,2026-08-03T21:16:53.980191
O01257,R056,preparing,2026-08-15T15:50:03.506155
O01258,R030,delayed,2026-08-11T00:31:56.085581
O01259,R033,handoff,2026-08-17T18:13:27.775907
O01260,R040,handed_off,2026-08-11T15:32:03.597850
O01261,R042,ready,2026-08-13T19:44:09.682218
O01262,R032,preparing,2026-08-09T23:43:49.698323
O01263,R033,delayed,2026-08-01T16:18:35.559422
O01264,R041,handoff,2026-08-04T21:22:27.291882
O01265,R047,handed_off,2026-08-09T22:06:58.805936
O01266,R002,ready,2026-08-26T18:54:34.203034
O01267,R030,preparing,2026-08-13T23:23:04.078623
O01268,R045,delayed,2026-08-06T19:58:01.340209
O01269,R016,handoff,2026-08-18T17:39:41.761256
O01270,R056,handed_off,2026-08-21T12:56:58.657798
O01271,R030,ready,2026-08-21T19:57:00.842567
O01272,R057,preparing,2026-08-22T20:23:11.555618
O01273,R027,delayed,2026-08-02T19:43:45.515064
O01274,R057,handoff,2026-08-03T12:25:04.137258
O01275,R008,handed_off,2026-08-17T21:21:08.260612
O01276,R033,ready,2026-08-01T18:21:53.087540
O01277,R048,preparing,2026-08-20T18:43:54.577202
O01278,R019,delayed,2026-08-25T22:32:04.503815
O01279,R029,handoff,2026-08-05T23:45:22.657445
O01280,R020,handed_off,2026-08-22T21:34:49.439227
O01281,R035,ready,2026-08-21T13:21:44.291902
O01282,R046,preparing,2026-08-23T21:47:36.051916
O01283,R010,delayed,2026-08-07T22:47:22.619970
O01284,R005,handoff,2026-08-12T21:28:08.807043
O01285,R040,handed_off,2026-08-16T13:04:58.979328
O01286,R007,ready,2026-08-04T18:58:06.132234
O01287,R034,preparing,2026-08-26T14:30:26.920952
O01288,R020,delayed,2026-08-27T22:23:31.766957
O01289,R011,handoff,2026-08-02T20:45:34.171732
O01290,R047,handed_off,2026-08-01T22:50:44.610173
O01291,R026,ready,2026-08-01T12:19:41.036121
O01292,R033,preparing,2026-08-26T19:54:47.410288
O01293,R014,delayed,2026-08-13T19:30:48.671221
O01294,R052,handoff,2026-08-26T13:25:09.159452
O01295,R031,handed_off,2026-08-15T17:53:09.517609
O01296,R039,ready,2026-08-12T21:46:08.989725
O01297,R024,preparing,2026-08-11T15:34:45.031605
O01298,R019,delayed,2026-08-25T15:14:28.638612
O01299,R037,handoff,2026-08-28T17:59:09.603449
O01300,R044,handed_off,2026-08-20T18:54:50.679457
O01301,R003,ready,2026-08-11T22:02:28.673616
O01302,R010,preparing,2026-08-26T21:55:26.474087
O01303,R050,delayed,2026-08-21T19:10:09.144740
O01304,R014,handoff,2026-08-17T21:16:09.227335
O01305,R029,handed_off,2026-08-21T22:05:20.357240
O01306,R049,ready,2026-08-22T21:58:31.794648
O01307,R047,preparing,2026-08-07T21:36:16.491135
O01308,R008,delayed,2026-08-22T15:57:38.568123
O01309,R026,handoff,2026-08-12T16:00:15.341421
O01310,R041,handed_off,2026-08-03T19:20:43.171367
O01311,R005,ready,2026-08-09T22:03:34.470231
O01312,R027,preparing,2026-08-14T20:17:23.614086
O01313,R047,delayed,2026-08-28T21:48:27.974061
O01314,R015,handoff,2026-08-03T18:00:03.263644
O01315,R001,handed_off,2026-08-08T20:29:53.437984
O01316,R027,ready,2026-08-16T21:55:43.007857
O01317,R055,preparing,2026-08-05T23:25:38.925176
O01318,R021,delayed,2026-08-11T14:40:18.290147
O01319,R007,handoff,2026-08-09T22:52:42.550010
O01320,R013,handed_off,2026-08-13T21:38:44.003370
O01321,R026,ready,2026-08-20T19:04:17.486873
O01322,R040,preparing,2026-08-22T21:12:21.008692
O01323,R060,delayed,2026-08-10T13:13:50.777043
O01324,R029,handoff,2026-08-05T17:34:18.107245
O01325,R059,handed_off,2026-08-24T22:53:50.389070
O01326,R033,ready,2026-08-23T14:47:47.108608
O01327,R007,preparing,2026-08-18T23:06:40.149411
O01328,R044,delayed,2026-08-08T20:10:43.765591
O01329,R050,handoff,2026-08-10T18:51:48.937035
O01330,R044,handed_off,2026-08-02T15:15:10.570033
O01331,R033,ready,2026-08-29T00:29:32.108716
O01332,R002,preparing,2026-08-01T20:46:01.818841
O01333,R029,delayed,2026-08-03T18:42:46.074291
O01334,R041,handoff,2026-08-01T18:13:27.720632
O01335,R028,handed_off,2026-08-21T19:04:50.361236
O01336,R035,ready,2026-08-23T18:57:27.475601
O01337,R040,preparing,2026-08-22T00:26:32.393211
O01338,R034,delayed,2026-08-05T15:51:08.662784
O01339,R047,handoff,2026-08-20T19:52:01.141679
O01340,R042,handed_off,2026-08-06T21:07:00.609627
O01341,R016,ready,2026-08-09T18:22:07.945456
O01342,R027,preparing,2026-08-27T20:12:45.473448
O01343,R038,delayed,2026-08-01T14:31:28.835701
O01344,R030,handoff,2026-08-13T15:58:52.395521
O01345,R016,handed_off,2026-08-02T19:35:10.348773
O01346,R017,ready,2026-08-19T19:47:13.567087
O01347,R040,preparing,2026-08-12T22:58:36.900272
O01348,R050,delayed,2026-08-04T21:03:16.066770
O01349,R050,handoff,2026-08-16T20:04:08.127592
O01350,R060,handed_off,2026-08-05T21:37:08.496058
O01351,R054,ready,2026-08-16T21:17:26.017959
O01352,R011,preparing,2026-08-07T13:41:59.473154
O01353,R002,delayed,2026-08-14T17:53:43.303907
O01354,R042,handoff,2026-08-25T14:09:59.213347
O01355,R046,handed_off,2026-08-07T14:45:18.275390
O01356,R039,ready,2026-08-05T17:59:44.553203
O01357,R026,preparing,2026-08-11T19:51:33.913545
O01358,R002,delayed,2026-08-08T20:37:09.945006
O01359,R033,handoff,2026-08-06T00:29:27.742669
O01360,R051,handed_off,2026-08-15T00:24:22.794975
O01361,R059,ready,2026-08-18T17:45:57.495922
O01362,R020,preparing,2026-08-10T21:05:44.371040
O01363,R058,delayed,2026-08-14T20:43:32.834529
O01364,R024,handoff,2026-08-11T20:24:37.161511
O01365,R018,handed_off,2026-08-17T18:44:13.434878
O01366,R007,ready,2026-08-13T13:13:03.479924
O01367,R034,preparing,2026-08-03T14:37:33.077308
O01368,R034,delayed,2026-08-23T19:25:38.011478
O01369,R020,handoff,2026-08-24T15:17:29.391767
O01370,R047,handed_off,2026-08-26T18:37:50.498704
O01371,R009,ready,2026-08-04T18:03:54.643929
O01372,R018,preparing,2026-08-16T17:30:17.621768
O01373,R037,delayed,2026-08-06T22:36:33.683048
O01374,R009,handoff,2026-08-27T18:40:54.862085
O01375,R057,handed_off,2026-08-26T20:41:24.543222
O01376,R047,ready,2026-08-27T22:34:51.758186
O01377,R031,preparing,2026-08-13T21:26:03.404423
O01378,R053,delayed,2026-08-14T12:38:51.466062
O01379,R053,handoff,2026-08-12T23:27:09.327935
O01380,R028,handed_off,2026-08-15T19:38:16.763756
O01381,R037,ready,2026-08-05T21:43:45.834988
O01382,R013,preparing,2026-08-21T18:13:18.435233
O01383,R045,delayed,2026-08-21T22:30:16.513107
O01384,R039,handoff,2026-08-27T12:00:29.699192
O01385,R044,handed_off,2026-08-02T20:36:01.374983
O01386,R019,ready,2026-08-11T17:17:03.074356
O01387,R036,preparing,2026-08-16T20:29:16.569207
O01388,R052,delayed,2026-08-13T13:04:22.133197
O01389,R056,handoff,2026-08-26T19:25:28.321765
O01390,R059,handed_off,2026-08-15T20:02:43.366780
O01391,R013,ready,2026-08-17T20:56:09.177652
O01392,R030,preparing,2026-08-22T22:17:07.429179
O01393,R029,delayed,2026-08-04T23:49:54.463103
O01394,R018,handoff,2026-08-21T21:31:09.159942
O01395,R043,handed_off,2026-08-21T16:04:49.003331
O01396,R045,ready,2026-08-11T19:20:52.220714
O01397,R056,preparing,2026-08-18T20:51:03.310912
O01398,R026,delayed,2026-08-24T18:29:33.219039
O01399,R040,handoff,2026-08-21T19:24:56.285290
O01400,R032,handed_off,2026-08-04T18:32:51.027410
O01401,R051,ready,2026-08-18T15:24:32.867745
O01402,R060,preparing,2026-08-05T18:41:34.199053
O01403,R014,delayed,2026-08-24T18:52:58.127167
O01404,R043,handoff,2026-08-20T19:51:50.654047
O01405,R028,handed_off,2026-08-09T17:17:33.325705
O01406,R021,ready,2026-08-07T13:05:15.536339
O01407,R003,preparing,2026-08-02T12:25:13.949820
O01408,R034,delayed,2026-08-10T23:20:54.580321
O01409,R058,handoff,2026-08-16T17:46:47.991720
O01410,R053,handed_off,2026-08-10T16:32:32.730723
O01411,R059,ready,2026-08-11T12:56:33.022318
O01412,R047,preparing,2026-08-21T19:26:36.772381
O01413,R032,delayed,2026-08-23T20:50:34.157661
O01414,R052,handoff,2026-08-05T14:37:18.727367
O01415,R036,handed_off,2026-08-08T15:44:20.023241
O01416,R022,ready,2026-08-06T20:19:59.029158
O01417,R050,preparing,2026-08-12T14:04:54.167072
O01418,R039,delayed,2026-08-26T17:01:03.236971
O01419,R044,handoff,2026-08-19T19:09:21.755599
O01420,R054,handed_off,2026-08-14T00:09:02.327491
O01421,R041,ready,2026-08-09T23:06:48.480364
O01422,R029,preparing,2026-08-26T00:27:17.676523
O01423,R046,delayed,2026-08-14T19:21:12.970361
O01424,R039,handoff,2026-08-26T20:09:52.662147
O01425,R050,handed_off,2026-08-26T15:12:37.596857
O01426,R054,ready,2026-08-27T19:30:08.071247
O01427,R054,preparing,2026-08-11T20:59:44.456135
O01428,R042,delayed,2026-08-19T22:27:46.131718
O01429,R034,handoff,2026-08-15T23:36:45.639727
O01430,R017,handed_off,2026-08-08T18:54:32.908725
O01431,R030,ready,2026-08-10T12:26:21.640378
O01432,R013,preparing,2026-08-23T20:08:19.522207
O01433,R011,delayed,2026-08-02T20:40:14.196169
O01434,R051,handoff,2026-08-14T13:12:04.663794
O01435,R053,handed_off,2026-08-05T21:07:48.145036
O01436,R033,ready,2026-08-28T20:03:10.935859
O01437,R049,preparing,2026-08-03T12:53:11.123451
O01438,R020,delayed,2026-08-07T17:16:30.557514
O01439,R006,handoff,2026-08-03T12:33:22.891428
O01440,R055,handed_off,2026-08-20T14:58:23.760419
O01441,R004,ready,2026-08-15T19:38:18.170695
O01442,R008,preparing,2026-08-16T11:39:51.060773
O01443,R052,delayed,2026-08-01T12:25:12.094463
O01444,R055,handoff,2026-08-06T13:51:15.118371
O01445,R028,handed_off,2026-08-09T19:26:55.031108
O01446,R049,ready,2026-08-01T21:09:39.741752
O01447,R057,preparing,2026-08-28T13:37:44.390098
O01448,R048,delayed,2026-08-16T19:43:34.102461
O01449,R009,handoff,2026-08-21T19:50:37.338210
O01450,R046,handed_off,2026-08-11T21:31:06.804869
O01451,R016,ready,2026-08-26T18:46:13.245759
O01452,R056,preparing,2026-08-14T13:06:46.919216
O01453,R051,delayed,2026-08-15T20:52:56.177482
O01454,R027,handoff,2026-08-09T13:10:40.503369
O01455,R006,handed_off,2026-08-16T19:11:37.294244
O01456,R046,ready,2026-08-19T01:33:55.356513
O01457,R049,preparing,2026-08-20T13:36:33.451393
O01458,R045,delayed,2026-08-05T21:27:51.341737
O01459,R041,handoff,2026-08-04T19:44:50.554318
O01460,R051,handed_off,2026-08-16T13:30:07.275650
O01461,R007,ready,2026-08-13T20:20:54.210343
O01462,R052,preparing,2026-08-12T14:47:21.659502
O01463,R050,delayed,2026-08-18T13:56:08.797205
O01464,R057,handoff,2026-08-05T14:47:59.124455
O01465,R039,handed_off,2026-08-01T22:45:52.268606
O01466,R040,ready,2026-08-12T20:24:47.364226
O01467,R047,preparing,2026-08-03T22:10:30.145344
O01468,R032,delayed,2026-08-12T12:40:14.834206
O01469,R019,handoff,2026-08-17T18:51:17.475813
O01470,R050,handed_off,2026-08-19T18:39:20.433031
O01471,R043,ready,2026-08-19T21:11:56.827370
O01472,R025,preparing,2026-08-28T21:10:29.523027
O01473,R060,delayed,2026-08-20T18:50:49.952262
O01474,R058,handoff,2026-08-24T19:22:54.516109
O01475,R021,handed_off,2026-08-27T13:05:46.266830
O01476,R030,ready,2026-08-01T23:30:00.759427
O01477,R047,preparing,2026-08-20T14:01:11.148798
O01478,R040,delayed,2026-08-12T12:39:34.435474
O01479,R033,handoff,2026-08-17T19:37:55.173456
O01480,R055,handed_off,2026-08-04T16:27:44.370318
O01481,R021,ready,2026-08-20T12:59:57.570621
O01482,R025,preparing,2026-08-15T00:16:54.322492
O01483,R060,delayed,2026-08-11T22:03:34.239524
O01484,R032,handoff,2026-08-08T20:23:50.124777
O01485,R022,handed_off,2026-08-27T16:36:56.960046
O01486,R053,ready,2026-08-09T17:37:15.867602
O01487,R028,preparing,2026-08-05T22:53:12.430728
O01488,R054,delayed,2026-08-10T14:15:44.332153
O01489,R025,handoff,2026-08-15T22:28:17.346786
O01490,R020,handed_off,2026-08-27T23:10:39.682115
O01491,R021,ready,2026-08-13T19:02:20.711881
O01492,R055,preparing,2026-08-06T13:47:17.375748
O01493,R012,delayed,2026-08-14T12:03:13.644163
O01494,R033,handoff,2026-08-03T18:39:56.303290
O01495,R043,handed_off,2026-08-23T15:44:34.873980
O01496,R002,ready,2026-08-03T23:18:50.955735
O01497,R041,preparing,2026-08-01T12:14:32.038298
O01498,R056,delayed,2026-08-07T21:27:57.784546
O01499,R011,handoff,2026-08-07T21:17:37.799748
O01500,R016,handed_off,2026-08-08T17:16:53.393622
O01501,R046,ready,2026-08-25T17:41:19.509166
O01502,R015,preparing,2026-08-28T11:50:45.065240
O01503,R045,delayed,2026-08-07T20:26:45.378033
O01504,R047,handoff,2026-08-14T19:41:47.830895
O01505,R011,handed_off,2026-08-13T22:30:52.406582
O01506,R055,ready,2026-08-27T16:59:49.210080
O01507,R033,preparing,2026-08-17T18:29:58.036266
O01508,R034,delayed,2026-08-24T19:20:19.061192
O01509,R026,handoff,2026-08-28T18:26:23.771992
O01510,R032,handed_off,2026-08-17T23:33:22.912818
O01511,R048,ready,2026-08-21T12:46:37.544423
O01512,R017,preparing,2026-08-07T21:55:37.354088
O01513,R003,delayed,2026-08-08T19:46:53.359592
O01514,R030,handoff,2026-08-24T18:36:31.727776
O01515,R014,handed_off,2026-08-17T15:16:04.253358
O01516,R046,ready,2026-08-08T14:26:50.074206
O01517,R024,preparing,2026-08-08T22:20:09.535388
O01518,R032,delayed,2026-08-15T14:33:30.546458
O01519,R018,handoff,2026-08-12T20:51:38.066818
O01520,R002,handed_off,2026-08-11T14:56:55.395314
O01521,R013,ready,2026-08-05T15:06:55.684570
O01522,R023,preparing,2026-08-16T15:03:05.363725
O01523,R019,delayed,2026-08-03T19:48:16.191463
O01524,R033,handoff,2026-08-15T16:14:51.899479
O01525,R038,handed_off,2026-08-17T13:36:44.408714
O01526,R042,ready,2026-08-11T11:49:34.371695
O01527,R034,preparing,2026-08-07T16:00:00.069724
O01528,R035,delayed,2026-08-08T17:59:13.190055
O01529,R045,handoff,2026-08-19T12:15:52.697108
O01530,R002,handed_off,2026-08-28T14:19:22.084854
O01531,R020,ready,2026-08-06T19:55:48.936433
O01532,R028,preparing,2026-08-22T19:28:04.126535
O01533,R049,delayed,2026-08-09T16:19:51.800909
O01534,R019,handoff,2026-08-13T19:24:06.533422
O01535,R035,handed_off,2026-08-14T18:58:43.689310
O01536,R007,ready,2026-08-06T13:58:42.516618
O01537,R031,preparing,2026-08-08T19:07:27.844697
O01538,R011,delayed,2026-08-23T12:36:31.813069
O01539,R031,handoff,2026-08-04T22:15:08.147459
O01540,R049,handed_off,2026-08-16T13:28:07.685652
O01541,R055,ready,2026-08-25T18:56:43.861011
O01542,R023,preparing,2026-08-22T20:47:30.505454
O01543,R009,delayed,2026-08-03T21:08:35.378691
O01544,R010,handoff,2026-08-11T18:46:09.420859
O01545,R004,handed_off,2026-08-25T18:05:22.027698
O01546,R034,ready,2026-08-13T21:31:23.605991
O01547,R045,preparing,2026-08-13T20:56:13.952898
O01548,R029,delayed,2026-08-04T13:34:41.097911
O01549,R048,handoff,2026-08-21T21:24:31.207437
O01550,R013,handed_off,2026-08-14T13:12:11.481132
O01551,R013,ready,2026-08-27T11:43:04.910559
O01552,R045,preparing,2026-08-16T20:20:37.344129
O01553,R037,delayed,2026-08-28T00:58:38.195165
O01554,R058,handoff,2026-08-03T22:35:39.542043
O01555,R034,handed_off,2026-08-06T20:11:40.531540
O01556,R024,ready,2026-08-20T16:57:14.153921
O01557,R043,preparing,2026-08-20T22:43:42.693518
O01558,R026,delayed,2026-08-20T19:52:50.818905
O01559,R051,handoff,2026-08-04T20:22:27.166948
O01560,R030,handed_off,2026-08-10T17:19:34.072106
O01561,R030,ready,2026-08-03T13:04:53.032141
O01562,R032,preparing,2026-08-15T11:40:54.566480
O01563,R030,delayed,2026-08-03T11:47:47.648353
O01564,R012,handoff,2026-08-25T14:09:01.928084
O01565,R027,handed_off,2026-08-21T21:55:15.050677
O01566,R045,ready,2026-08-13T18:25:15.088899
O01567,R011,preparing,2026-08-07T18:31:51.488534
O01568,R053,delayed,2026-08-29T00:18:21.786041
O01569,R014,handoff,2026-08-01T12:44:44.337235
O01570,R042,handed_off,2026-08-23T13:36:21.665997
O01571,R036,ready,2026-08-26T20:02:01.883230
O01572,R033,preparing,2026-08-04T18:39:45.580285
O01573,R037,delayed,2026-08-01T20:18:21.912803
O01574,R044,handoff,2026-08-15T12:35:20.781768
O01575,R015,handed_off,2026-08-26T13:03:30.115635
O01576,R006,ready,2026-08-27T13:20:39.898873
O01577,R015,preparing,2026-08-23T19:18:06.693809
O01578,R051,delayed,2026-08-13T21:55:39.427046
O01579,R042,handoff,2026-08-28T18:21:36.547981
O01580,R046,handed_off,2026-08-09T20:21:17.591023
O01581,R002,ready,2026-08-16T18:18:29.479028
O01582,R014,preparing,2026-08-21T21:12:58.162365
O01583,R026,delayed,2026-08-08T19:51:32.910034
O01584,R020,handoff,2026-08-22T22:18:16.740107
O01585,R018,handed_off,2026-08-20T19:16:22.880055
O01586,R010,ready,2026-08-14T23:11:57.783988
O01587,R033,preparing,2026-08-12T18:43:41.991070
O01588,R050,delayed,2026-08-20T18:55:54.777268
O01589,R029,handoff,2026-08-15T21:12:54.826645
O01590,R030,handed_off,2026-08-21T15:14:12.137020
O01591,R023,ready,2026-08-12T13:24:43.015486
O01592,R032,preparing,2026-08-11T22:45:11.486202
O01593,R025,delayed,2026-08-20T14:27:26.204372
UNKNOWN-10,R024,handoff,2026-08-13T14:17:33.365926
UNKNOWN-09,R011,handed_off,2026-08-24T23:06:08.027350
UNKNOWN-08,R041,ready,2026-08-12T14:16:50.942226
UNKNOWN-07,R030,preparing,2026-08-22T20:16:11.035912
UNKNOWN-06,R048,delayed,2026-08-18T20:39:26.758603
UNKNOWN-05,R048,handoff,2026-08-26T13:06:31.571858
UNKNOWN-04,R037,handed_off,2026-08-27T18:41:44.339018
UNKNOWN-03,R040,ready,2026-08-13T18:46:08.055622
UNKNOWN-02,R028,preparing,2026-08-05T21:35:24.433874
UNKNOWN-01,R010,delayed,2026-08-26T21:58:26.474087
