ticket_id,order_id,category,created_at,status
T-0001,O00037,Late Delivery,2026-08-09T21:09:00,open
T-0002,O00040,Late_Delivery,2026-08-11T20:15:00,closed
T-0003,O00041,ETA Issue,2026-08-01T12:24:00,closed
T-0004,O00042,restaurant_delay,2026-08-09T19:19:00,closed
T-0005,O00049,Late_Delivery,2026-08-09T11:42:00,closed
T-0006,O00058,ready_but_waiting,2026-08-05T20:40:00,closed
T-0007,O00073,ready_but_waiting,2026-08-27T14:06:00,closed
T-0008,O00079,ETA_CHANGE,2026-08-09T21:10:00,open
T-0009,O00083,restaurant_delay,2026-08-16T00:39:00,closed
T-0010,O00090,Late_Delivery,2026-08-20T18:14:00,closed
T-0011,O00094,Late_Delivery,2026-08-19T17:47:00,closed
T-0012,O00116,Late_Delivery,2026-08-27T00:09:00,closed
T-0013,O00118,Status_Mismatch,2026-08-27T22:35:00,closed
T-0014,O00121,Late_Delivery,2026-08-14T20:12:00,closed
T-0015,O00131,Status_Mismatch,2026-08-28T20:26:00,open
T-0016,O00147,ready_but_waiting,2026-08-25T15:30:00,closed
T-0017,O00162,restaurant_delay,2026-08-26T18:23:00,closed
T-0018,O00169,Late_Delivery,2026-08-22T16:23:00,closed
T-0019,O00174,Status_Mismatch,2026-08-21T19:21:00,closed
T-0020,O00180,ready_but_waiting,2026-08-08T18:43:00,closed
T-0021,O00188,ready_but_waiting,2026-08-09T20:12:00,closed
T-0022,O00194,ready_but_waiting,2026-08-11T18:22:00,open
T-0023,O00198,ETA_CHANGE,2026-08-19T19:01:00,closed
T-0024,O00205,driver_not_moving,2026-08-27T21:17:00,closed
T-0025,O00210,restaurant_delay,2026-08-14T13:06:00,closed
T-0026,O00211,restaurant_delay,2026-08-22T20:24:00,closed
T-0027,O00218,Status_Mismatch,2026-08-07T00:38:00,closed
T-0028,O00231,restaurant_delay,2026-08-27T16:24:00,closed
T-0029,O00240,ready_but_waiting,2026-08-25T12:49:00,open
T-0030,O00244,ready_but_waiting,2026-08-23T22:55:00,closed
T-0031,O00251,restaurant_delay,2026-08-28T15:45:00,closed
T-0032,O00256,Late_Delivery,2026-08-06T13:19:00,closed
T-0033,O00266,ETA_CHANGE,2026-08-10T21:11:00,closed
T-0034,O00280,driver_not_moving,2026-08-09T18:19:00,closed
T-0035,O00288,ready_but_waiting,2026-08-09T20:16:00,closed
T-0036,O00295,Late_Delivery,2026-08-08T12:42:00,open
T-0037,O00301,Status_Mismatch,2026-08-20T20:35:00,closed
T-0038,O00302,restaurant_delay,2026-08-20T20:20:00,closed
T-0039,O00303,Status_Mismatch,2026-08-19T20:35:00,closed
T-0040,O00320,ETA_CHANGE,2026-08-13T12:47:00,closed
T-0041,O00331,ready_but_waiting,2026-08-15T18:14:00,closed
T-0042,O00333,ETA_CHANGE,2026-08-24T17:07:00,closed
T-0043,O00348,restaurant_delay,2026-08-07T17:48:00,open
T-0044,O00359,restaurant_delay,2026-08-08T19:05:00,closed
T-0045,O00385,Status_Mismatch,2026-08-22T22:13:00,closed
T-0046,O00391,Late_Delivery,2026-08-16T20:37:00,closed
T-0047,O00393,driver_not_moving,2026-08-08T00:12:00,closed
T-0048,O00424,ready_but_waiting,2026-08-28T14:45:00,closed
T-0049,O00428,restaurant_delay,2026-08-05T18:53:00,closed
T-0050,O00430,ETA_CHANGE,2026-08-23T18:54:00,open
T-0051,O00437,Late_Delivery,2026-08-07T00:02:00,closed
T-0052,O00442,Status_Mismatch,2026-08-16T15:43:00,closed
T-0053,O00462,ETA_CHANGE,2026-08-19T18:45:00,closed
T-0054,O00471,ETA_CHANGE,2026-08-07T17:14:00,closed
T-0055,O00472,ETA_CHANGE,2026-08-08T19:45:00,closed
T-0056,O00491,Status_Mismatch,2026-08-13T17:55:00,closed
T-0057,O00497,restaurant_delay,2026-08-13T20:07:00,open
T-0058,O00508,Status_Mismatch,2026-08-10T22:01:00,closed
T-0059,O00513,Late_Delivery,2026-08-06T12:19:00,closed
T-0060,O00525,ready_but_waiting,2026-08-10T23:04:00,closed
T-0061,O00533,restaurant_delay,2026-08-14T16:34:00,closed
T-0062,O00539,restaurant_delay,2026-08-06T15:05:00,closed
T-0063,O00544,Late_Delivery,2026-08-13T17:31:00,closed
T-0064,O00554,restaurant_delay,2026-08-06T18:27:00,open
T-0065,O00555,Late_Delivery,2026-08-24T15:31:00,closed
T-0066,O00556,Late_Delivery,2026-08-04T12:54:00,closed
T-0067,O00561,restaurant_delay,2026-08-18T22:40:00,closed
T-0068,O00563,Status_Mismatch,2026-08-21T13:16:00,closed
T-0069,O00564,ETA_CHANGE,2026-08-18T22:03:00,closed
T-0070,O00574,driver_not_moving,2026-08-10T22:32:00,closed
T-0071,O00575,ETA_CHANGE,2026-08-26T23:17:00,open
T-0072,O00582,ready_but_waiting,2026-08-13T13:38:00,closed
T-0073,O00590,ready_but_waiting,2026-08-03T16:32:00,closed
T-0074,O00592,ready_but_waiting,2026-08-01T19:58:00,closed
T-0075,O00595,Late_Delivery,2026-08-24T23:03:00,closed
T-0076,O00598,restaurant_delay,2026-08-01T19:51:00,closed
T-0077,O00613,Status_Mismatch,2026-08-01T19:34:00,closed
T-0078,O00615,restaurant_delay,2026-08-16T20:05:00,open
T-0079,O00616,Late_Delivery,2026-08-16T23:19:00,closed
T-0080,O00619,Status_Mismatch,2026-08-24T19:56:00,closed
T-0081,O00623,ETA_CHANGE,2026-08-20T23:37:00,closed
T-0082,O00631,restaurant_delay,2026-08-27T23:20:00,closed
T-0083,O00643,driver_not_moving,2026-08-06T23:33:00,closed
T-0084,O00651,Late_Delivery,2026-08-05T15:28:00,closed
T-0085,O00660,restaurant_delay,2026-08-18T19:10:00,open
T-0086,O00666,Late_Delivery,2026-08-10T19:43:00,closed
T-0087,O00689,ready_but_waiting,2026-08-06T14:06:00,closed
T-0088,O00692,restaurant_delay,2026-08-22T18:11:00,closed
T-0089,O00698,Status_Mismatch,2026-08-11T18:10:00,closed
T-0090,O00699,ETA_CHANGE,2026-08-25T17:26:00,closed
T-0091,O00706,Late_Delivery,2026-08-22T18:07:00,closed
T-0092,O00714,restaurant_delay,2026-08-23T19:43:00,open
T-0093,O00715,Status_Mismatch,2026-08-04T19:45:00,closed
T-0094,O00725,Late_Delivery,2026-08-11T15:29:00,closed
T-0095,O00736,ETA_CHANGE,2026-08-04T20:38:00,closed
T-0096,O00744,ETA_CHANGE,2026-08-17T20:01:00,closed
T-0097,O00747,restaurant_delay,2026-08-27T17:50:00,closed
T-0098,O00758,ETA_CHANGE,2026-08-27T11:56:00,closed
T-0099,O00762,ready_but_waiting,2026-08-12T19:26:00,open
T-0100,O00793,driver_not_moving,2026-08-02T20:28:00,closed
T-0101,O00803,Status_Mismatch,2026-08-28T13:51:00,closed
T-0102,O00819,Late_Delivery,2026-08-12T19:25:00,closed
T-0103,O00822,Late_Delivery,2026-08-04T16:44:00,closed
T-0104,O00835,ready_but_waiting,2026-08-14T13:02:00,closed
T-0105,O00842,ETA_CHANGE,2026-08-26T13:25:00,closed
T-0106,O00845,ready_but_waiting,2026-08-16T19:16:00,open
T-0107,O00854,ready_but_waiting,2026-08-22T19:24:00,closed
T-0108,O00862,Late_Delivery,2026-08-09T19:17:00,closed
T-0109,O00869,driver_not_moving,2026-08-09T21:36:00,closed
T-0110,O00883,Status_Mismatch,2026-08-16T00:32:00,closed
T-0111,O00924,ETA_CHANGE,2026-08-08T18:44:00,closed
T-0112,O00925,ready_but_waiting,2026-08-10T17:47:00,closed
T-0113,O00930,Status_Mismatch,2026-08-15T19:04:00,open
T-0114,O00941,restaurant_delay,2026-08-09T19:53:00,closed
T-0115,O00955,Late_Delivery,2026-08-09T22:04:00,closed
T-0116,O00960,ETA_CHANGE,2026-08-19T13:58:00,closed
T-0117,O00977,Status_Mismatch,2026-08-27T13:12:00,closed
T-0118,O00983,ETA_CHANGE,2026-08-15T20:06:00,closed
T-0119,O00988,Late_Delivery,2026-08-04T13:49:00,closed
T-0120,O00991,Late_Delivery,2026-08-19T21:09:00,open
T-0121,O00995,driver_not_moving,2026-08-22T18:27:00,closed
T-0122,O00997,restaurant_delay,2026-08-14T23:29:00,closed
T-0123,O01002,ETA_CHANGE,2026-08-03T19:06:00,closed
T-0124,O01020,restaurant_delay,2026-08-08T20:25:00,closed
T-0125,O01082,ETA_CHANGE,2026-08-14T17:09:00,closed
T-0126,O01094,ETA_CHANGE,2026-08-05T13:04:00,closed
T-0127,O01106,driver_not_moving,2026-08-23T19:14:00,open
T-0128,O01142,restaurant_delay,2026-08-26T13:41:00,closed
T-0129,O01144,driver_not_moving,2026-08-26T22:27:00,closed
T-0130,O01152,Status_Mismatch,2026-08-14T14:41:00,closed
T-0131,O01153,Late_Delivery,2026-08-19T20:29:00,closed
T-0132,O01170,restaurant_delay,2026-08-05T20:55:00,closed
T-0133,O01183,driver_not_moving,2026-08-02T19:34:00,closed
T-0134,O01185,restaurant_delay,2026-08-04T18:57:00,open
T-0135,O01191,ready_but_waiting,2026-08-12T21:01:00,closed
T-0136,O01197,driver_not_moving,2026-08-17T17:07:00,closed
T-0137,O01198,ready_but_waiting,2026-08-25T18:30:00,closed
T-0138,O01203,driver_not_moving,2026-08-19T16:58:00,closed
T-0139,O01209,Late_Delivery,2026-08-09T19:21:00,closed
T-0140,O01213,driver_not_moving,2026-08-03T13:14:00,closed
T-0141,O01214,ETA_CHANGE,2026-08-26T13:14:00,open
T-0142,O01215,driver_not_moving,2026-08-26T22:34:00,closed
T-0143,O01230,Status_Mismatch,2026-08-17T18:33:00,closed
T-0144,O01233,Late_Delivery,2026-08-05T19:27:00,closed
T-0145,O01235,ETA_CHANGE,2026-08-28T13:41:00,closed
T-0146,O01245,Status_Mismatch,2026-08-05T21:02:00,closed
T-0147,O01267,restaurant_delay,2026-08-13T23:12:00,closed
T-0148,O01268,ready_but_waiting,2026-08-06T19:15:00,open
T-0149,O01270,ETA_CHANGE,2026-08-21T12:41:00,closed
T-0150,O01278,ready_but_waiting,2026-08-25T22:03:00,closed
T-0151,O01281,Late_Delivery,2026-08-21T13:08:00,closed
T-0152,O01291,ready_but_waiting,2026-08-01T11:39:00,closed
T-0153,O01296,ETA_CHANGE,2026-08-12T21:00:00,closed
T-0154,O01300,driver_not_moving,2026-08-20T18:30:00,closed
T-0155,O01306,ready_but_waiting,2026-08-22T21:25:00,open
T-0156,O01314,Status_Mismatch,2026-08-03T17:40:00,closed
T-0157,O01317,restaurant_delay,2026-08-05T22:49:00,closed
T-0158,O01323,ready_but_waiting,2026-08-10T12:45:00,closed
T-0159,O01325,driver_not_moving,2026-08-24T22:53:00,closed
T-0160,O01327,Status_Mismatch,2026-08-18T23:18:00,closed
T-0161,O01328,Status_Mismatch,2026-08-08T19:36:00,closed
T-0162,O01349,restaurant_delay,2026-08-16T19:43:00,open
T-0163,O01358,ready_but_waiting,2026-08-08T20:53:00,closed
T-0164,O01362,Late_Delivery,2026-08-10T20:47:00,closed
T-0165,O01365,restaurant_delay,2026-08-17T18:17:00,closed
T-0166,O01380,ETA_CHANGE,2026-08-15T19:00:00,closed
T-0167,O01390,driver_not_moving,2026-08-15T19:38:00,closed
T-0168,O01400,ETA_CHANGE,2026-08-04T18:02:00,closed
T-0169,O01413,Late_Delivery,2026-08-23T20:55:00,open
T-0170,O01422,ready_but_waiting,2026-08-25T23:55:00,closed
T-0171,O01424,restaurant_delay,2026-08-26T19:59:00,closed
T-0172,O01429,ETA_CHANGE,2026-08-15T23:37:00,closed
T-0173,O01430,driver_not_moving,2026-08-08T18:54:00,closed
T-0174,O01433,Status_Mismatch,2026-08-02T20:39:00,closed
T-0175,O01453,driver_not_moving,2026-08-15T21:04:00,closed
T-0176,O01454,driver_not_moving,2026-08-09T13:21:00,open
T-0177,O01455,ready_but_waiting,2026-08-16T19:11:00,closed
